file,...1,Area,Mean,Min,Max,Perim.,Feret,FeretX,FeretY,FeretAngle,MinFeret,susp,num
data-raw/TEM Images 2021-12-01/image-j/100Si-01-1-results.csv,1,35213.867,84.467,0,131,3216.023,452.834,76,351,41.535,226.951,100Si,01
data-raw/TEM Images 2021-12-01/image-j/100Si-01-1-results.csv,2,444.387,107.857,70,131,144.043,44.14,224,201,31.43,24.767,100Si,01
data-raw/TEM Images 2021-12-01/image-j/100Si-01-1-results.csv,3,966.488,110.129,65,131,316.706,86.627,434,273,127.147,30.497,100Si,01
data-raw/TEM Images 2021-12-01/image-j/100Si-01-1-results.csv,4,1112.063,107.975,48,131,304.002,71.854,363,328,42.049,54.385,100Si,01
data-raw/TEM Images 2021-12-01/image-j/100Si-02-1-results.csv,1,2508.885,106.836,18,150,474.818,88.228,1385,429,63.556,57.279,100Si,02
data-raw/TEM Images 2021-12-01/image-j/100Si-02-1-results.csv,2,12191.879,108.065,0,150,2556.425,239.65,86,293,139.811,194.309,100Si,02
data-raw/TEM Images 2021-12-01/image-j/100Si-02-1-results.csv,3,5105.47,122.538,51,150,1235.87,157.267,1063,500,177.868,95.305,100Si,02
data-raw/TEM Images 2021-12-01/image-j/100Si-02-1-results.csv,4,708.239,125.078,66,150,197.688,41.781,429,422,19.885,31.475,100Si,02
data-raw/TEM Images 2021-12-01/image-j/100Si-02-1-results.csv,5,586.996,129.39,75,150,211.933,41.066,1613,696,94.086,28.558,100Si,02
data-raw/TEM Images 2021-12-01/image-j/100Si-03-1-results.csv,1,10123.902,102.365,21,143,1570.922,244.677,1649,127,9.25,140.347,100Si,03
data-raw/TEM Images 2021-12-01/image-j/100Si-03-1-results.csv,2,414.584,124.025,82,143,148.241,40.456,296,230,63.435,23.33,100Si,03
data-raw/TEM Images 2021-12-01/image-j/100Si-03-1-results.csv,3,2272.788,97.269,18,143,465.779,86.661,967,321,81.649,55.844,100Si,03
data-raw/TEM Images 2021-12-01/image-j/100Si-03-1-results.csv,4,13578.565,99.824,0,143,2041.658,237.798,277,244,139.83,189.424,100Si,03
data-raw/TEM Images 2021-12-01/image-j/100Si-03-1-results.csv,5,4084.584,115.254,40,143,641.766,143.473,792,361,11.064,88.828,100Si,03
data-raw/TEM Images 2021-12-01/image-j/100Si-03-1-results.csv,6,916.417,104.862,37,143,208.9,77.154,139,672,159.717,25.387,100Si,03
data-raw/TEM Images 2021-12-01/image-j/100Si-04-1-results.csv,1,5106.527,105.343,0,150,1113.484,162.777,663,725,49.383,100.682,100Si,04
data-raw/TEM Images 2021-12-01/image-j/100Si-04b-1-results.csv,1,42783.775,92.826,2,139,6380.382,487.241,243,1015,85.073,362.288,100Si,04b
data-raw/TEM Images 2021-12-01/image-j/100Si-04b-1-results.csv,2,2243.554,106.854,43,139,543.963,93.318,340,231,19.654,58.065,100Si,04b
data-raw/TEM Images 2021-12-01/image-j/100Si-04b-1-results.csv,3,557.4,116.717,71,139,154.781,40.748,275,435,131.878,25.547,100Si,04b
data-raw/TEM Images 2021-12-01/image-j/100Si-05-1-results.csv,1,7497.403,126.847,66,155,1411.117,148.023,1552,232,69.73,118.919,100Si,05
data-raw/TEM Images 2021-12-01/image-j/100Si-05-1-results.csv,2,45021.766,102.722,1,155,5048.341,480.718,209,271,94.99,352.172,100Si,05
data-raw/TEM Images 2021-12-01/image-j/100Si-05-1-results.csv,3,2488.553,120.179,61,155,470.313,96.324,251,369,19.622,60.603,100Si,05
data-raw/TEM Images 2021-12-01/image-j/100Si-05-1-results.csv,4,1084.929,124.028,70,155,239.213,61.665,60,396,163.652,36.744,100Si,05
data-raw/TEM Images 2021-12-01/image-j/100Si-05-1-results.csv,5,593.817,133.538,84,155,141.635,41.033,206,505,127.972,24.859,100Si,05
data-raw/TEM Images 2021-12-01/image-j/100Si-05-1-results.csv,6,428.245,140.744,109,155,176.956,43.097,150,846,113.749,25.562,100Si,05
data-raw/TEM Images 2021-12-01/image-j/100Si-06-1-results.csv,1,1735.665,112.155,31,151,341.412,69.879,374,165,55.359,42.962,100Si,06
data-raw/TEM Images 2021-12-01/image-j/100Si-06-1-results.csv,2,7792.738,115.564,26,151,1821.319,231.466,1245,103,103.848,100.403,100Si,06
data-raw/TEM Images 2021-12-01/image-j/100Si-06-1-results.csv,3,369.041,124.55,76,151,119.907,31.515,1108,164,174.289,22.43,100Si,06
data-raw/TEM Images 2021-12-01/image-j/100Si-06-1-results.csv,4,9271.085,108.613,0,151,1917.193,250.17,40,408,29.403,141.946,100Si,06
data-raw/TEM Images 2021-12-01/image-j/100Si-06-1-results.csv,5,6838.313,118.074,47,151,1391.591,194.864,970,169,127.7,96.678,100Si,06
data-raw/TEM Images 2021-12-01/image-j/100Si-06-1-results.csv,6,890.778,124.228,67,151,296.569,71.082,438,345,58.53,31.288,100Si,06
data-raw/TEM Images 2021-12-01/image-j/100Si-06-1-results.csv,7,468.744,119.589,66,151,177.105,48.637,1399,467,171.347,20.709,100Si,06
data-raw/TEM Images 2021-12-01/image-j/100Si-07-1-results.csv,1,425.072,154.127,77,227,97.471,24.895,247,77,49.268,14.388,100Si,07
data-raw/TEM Images 2021-12-01/image-j/100Si-07-1-results.csv,2,387.727,123.589,64,154,152.596,34.649,210,121,176.532,24.808,100Si,07
data-raw/TEM Images 2021-12-01/image-j/100Si-07-1-results.csv,3,10968.67,110.316,0,154,2172.41,333.697,154,777,87.12,109.525,100Si,07
data-raw/TEM Images 2021-12-01/image-j/100Si-07-1-results.csv,4,489.052,118.459,56,154,158.195,46.39,33,759,13.722,24.178,100Si,07
data-raw/TEM Images 2021-12-01/image-j/100Si-08-1-results.csv,1,359.012,129.849,83,154,167.484,39.869,1769,21,128.073,19.72,100Si,08
data-raw/TEM Images 2021-12-01/image-j/100Si-08-1-results.csv,2,10811.693,114.65,0,154,2228.321,239.883,1479,855,87.125,157.357,100Si,08
data-raw/TEM Images 2021-12-01/image-j/100Si-08-1-results.csv,3,608.296,123.61,60,154,249.609,47.047,1799,491,131.845,30.39,100Si,08
data-raw/TEM Images 2021-12-01/image-j/100Si-08-1-results.csv,4,14101.637,108.957,0,154,2300.872,281.461,1759,1037,89.148,157.026,100Si,08
data-raw/TEM Images 2021-12-01/image-j/100Si-08-1-results.csv,5,1571.227,124.557,64,154,447.814,101.013,1200,814,43.531,37.882,100Si,08
data-raw/TEM Images 2021-12-01/image-j/100Si-08-1-results.csv,6,3092.651,90.324,5,154,437.636,116.821,165,741,93.08,52.647,100Si,08
data-raw/TEM Images 2021-12-01/image-j/100Si-08-1-results.csv,7,926.81,128.972,69,154,400.459,90.074,1925,841,27.309,34.31,100Si,08
data-raw/TEM Images 2021-12-01/image-j/100Si-08-1-results.csv,8,2645.254,119.67,20,154,818.681,118.018,1396,993,49.674,76.224,100Si,08
data-raw/TEM Images 2021-12-01/image-j/100Si-08-1-results.csv,9,1513.489,117.019,45,154,407.655,65.111,1939,978,51.196,48.555,100Si,08
data-raw/TEM Images 2021-12-01/image-j/100Si-08-1-results.csv,10,2614.607,114.12,6,154,549.501,111.029,1263,1132,83.779,66.797,100Si,08
data-raw/TEM Images 2021-12-01/image-j/100Si-09-1-results.csv,1,574.121,135.255,84,158,160.556,42.205,1141,42,171.416,25.354,100Si,09
data-raw/TEM Images 2021-12-01/image-j/100Si-09-1-results.csv,2,577.841,129.07,68,158,185.865,44.158,533,85,140.064,29.401,100Si,09
data-raw/TEM Images 2021-12-01/image-j/100Si-09-1-results.csv,3,3739.847,119.163,50,158,592.656,95.435,1835,279,86.689,78.226,100Si,09
data-raw/TEM Images 2021-12-01/image-j/100Si-09-1-results.csv,4,465.001,138.663,99,158,151.378,41.314,332,233,82.333,21.888,100Si,09
data-raw/TEM Images 2021-12-01/image-j/100Si-09-1-results.csv,5,344.721,133.779,103,158,108.331,27.828,415,241,115.115,23.221,100Si,09
data-raw/TEM Images 2021-12-01/image-j/100Si-09-1-results.csv,6,659.061,134.804,76,158,217.045,56.276,800,313,72.072,24.98,100Si,09
data-raw/TEM Images 2021-12-01/image-j/100Si-09-1-results.csv,7,1667.183,112.672,17,158,241.095,65.055,1322,281,128.118,47.241,100Si,09
data-raw/TEM Images 2021-12-01/image-j/100Si-09-1-results.csv,8,705.561,133.917,91,158,178.993,49.425,779,354,22.479,27.877,100Si,09
data-raw/TEM Images 2021-12-01/image-j/100Si-09-1-results.csv,9,2293.385,117.248,25,158,411.865,105.7,1022,402,28.474,46.663,100Si,09
data-raw/TEM Images 2021-12-01/image-j/100Si-09-1-results.csv,10,866.762,128.303,74,158,240.08,65.198,892,410,52.853,33.434,100Si,09
data-raw/TEM Images 2021-12-01/image-j/100Si-09-1-results.csv,11,378.821,138.339,105,158,153.875,35.081,1301,361,9.039,24.68,100Si,09
data-raw/TEM Images 2021-12-01/image-j/100Si-09-1-results.csv,12,3686.527,102.24,8,158,404.531,101.553,1680,490,48.772,60.491,100Si,09
data-raw/TEM Images 2021-12-01/image-j/100Si-09-1-results.csv,13,465.001,143.501,103,158,262.971,50.914,1318,474,50.648,23.733,100Si,09
data-raw/TEM Images 2021-12-01/image-j/100Si-09-1-results.csv,14,487.321,137.962,100,158,172.694,48.031,1492,451,10.389,24.372,100Si,09
data-raw/TEM Images 2021-12-01/image-j/100Si-09-1-results.csv,15,1603.323,134.999,78,158,552.14,115.093,1440,440,92.745,47.81,100Si,09
data-raw/TEM Images 2021-12-01/image-j/100Si-09-1-results.csv,16,409.201,134.976,94,158,144.044,34.186,843,478,128.454,22.503,100Si,09
data-raw/TEM Images 2021-12-01/image-j/100Si-09-1-results.csv,17,2468.225,125.927,67,158,581.824,105.265,1319,490,128.928,56.192,100Si,09
data-raw/TEM Images 2021-12-01/image-j/100Si-09-1-results.csv,18,1473.743,109.436,36,158,189.746,59.599,1156,515,164.678,40.836,100Si,09
data-raw/TEM Images 2021-12-01/image-j/100Si-09-1-results.csv,19,345.961,136.824,97,158,133.752,35.529,512,536,77.196,22.16,100Si,09
data-raw/TEM Images 2021-12-01/image-j/100Si-09-1-results.csv,20,340.381,132.39,82,158,115.935,32.883,1487,498,106.699,21.158,100Si,09
data-raw/TEM Images 2021-12-01/image-j/100Si-09-1-results.csv,21,2978.486,120.288,57,158,499.15,92.049,1799,526,169.651,68.75,100Si,09
data-raw/TEM Images 2021-12-01/image-j/100Si-09-1-results.csv,22,1184.202,123.485,73,158,206.72,50.079,968,529,143.31,39.402,100Si,09
data-raw/TEM Images 2021-12-01/image-j/100Si-09-1-results.csv,23,2272.925,114.089,35,158,420.121,79.309,1546,547,150.89,61.585,100Si,09
data-raw/TEM Images 2021-12-01/image-j/100Si-09-1-results.csv,24,863.662,123.664,75,158,251.881,60.158,753,635,142.98,32.717,100Si,09
data-raw/TEM Images 2021-12-01/image-j/100Si-09-1-results.csv,25,1485.523,136.163,76,158,512.005,77.506,1273,639,110.829,47.744,100Si,09
data-raw/TEM Images 2021-12-01/image-j/100Si-09-1-results.csv,26,1262.943,138.73,90,158,456.822,84.809,1322,643,167.125,54.601,100Si,09
data-raw/TEM Images 2021-12-01/image-j/100Si-09-1-results.csv,27,492.281,139.219,91,158,163.515,44.017,1025,643,116.565,25.944,100Si,09
data-raw/TEM Images 2021-12-01/image-j/100Si-09-1-results.csv,28,4963.11,101.292,10,158,541.195,129.503,1950,669,107.333,75.35,100Si,09
data-raw/TEM Images 2021-12-01/image-j/100Si-09-1-results.csv,29,380.061,131.256,90,158,121.121,39.157,1111,686,15.154,18.809,100Si,09
data-raw/TEM Images 2021-12-01/image-j/100Si-09-1-results.csv,30,9513.919,111.825,16,158,1477.011,214.134,1662,677,129.779,137.527,100Si,09
data-raw/TEM Images 2021-12-01/image-j/100Si-09-1-results.csv,31,3222.766,120.674,37,158,545.775,119.524,1439,698,101.014,61.528,100Si,09
data-raw/TEM Images 2021-12-01/image-j/100Si-09-1-results.csv,32,1721.123,105.774,34,158,307.335,81.297,1273,756,111.595,45.078,100Si,09
data-raw/TEM Images 2021-12-01/image-j/100Si-09-1-results.csv,33,582.801,140.546,97,158,197.304,43.756,938,788,149.744,25.33,100Si,09
data-raw/TEM Images 2021-12-01/image-j/100Si-09-1-results.csv,34,1045.322,125.335,65,158,236.021,52.526,1489,817,167.005,39.37,100Si,09
data-raw/TEM Images 2021-12-01/image-j/100Si-09-1-results.csv,35,380.061,126.104,83,158,129.759,40.434,1671,834,96.71,18.317,100Si,09
data-raw/TEM Images 2021-12-01/image-j/100Si-09-1-results.csv,36,2494.265,129.629,65,158,637.165,92.532,1270,880,5.371,60.127,100Si,09
data-raw/TEM Images 2021-12-01/image-j/100Si-09-1-results.csv,37,346.581,133.361,90,158,115.395,29.983,1175,852,119.932,22.096,100Si,09
data-raw/TEM Images 2021-12-01/image-j/100Si-09-1-results.csv,38,1245.582,123.88,65,158,266.199,65.102,1722,861,147.848,36.741,100Si,09
data-raw/TEM Images 2021-12-01/image-j/100Si-09-1-results.csv,39,370.761,133.853,94,158,120.851,31.741,906,867,156.615,19.487,100Si,09
data-raw/TEM Images 2021-12-01/image-j/100Si-09-1-results.csv,40,7418.315,114.752,29,158,1242.96,243.367,2004,881,105.385,101.714,100Si,09
data-raw/TEM Images 2021-12-01/image-j/100Si-09-1-results.csv,41,407.961,133.733,94,158,108.984,33.638,866,928,69.444,22.828,100Si,09
data-raw/TEM Images 2021-12-01/image-j/100Si-09-1-results.csv,42,398.041,132.606,88,158,92.201,30.179,1131,904,172.504,21.584,100Si,09
data-raw/TEM Images 2021-12-01/image-j/100Si-09-1-results.csv,43,13651.807,110.467,8,158,1665.723,230.327,1730,915,128.476,154.854,100Si,09
data-raw/TEM Images 2021-12-01/image-j/100Si-09-1-results.csv,44,504.681,121.544,70,158,115.013,33.425,1891,927,164.982,23.635,100Si,09
data-raw/TEM Images 2021-12-01/image-j/100Si-09-1-results.csv,45,840.102,127.737,83,158,216.392,60.466,509,967,8.236,26.051,100Si,09
data-raw/TEM Images 2021-12-01/image-j/100Si-09-1-results.csv,46,585.281,134.641,88,158,148.307,42.293,1251,1031,28.951,24.979,100Si,09
data-raw/TEM Images 2021-12-01/image-j/100Si-09-1-results.csv,47,806.002,140.888,94,158,273.915,52.544,1317,1051,29.638,40.06,100Si,09
data-raw/TEM Images 2021-12-01/image-j/100Si-09-1-results.csv,48,1827.144,139.527,77,158,606.322,101.34,1526,1051,122.949,58.715,100Si,09
data-raw/TEM Images 2021-12-01/image-j/100Si-09-1-results.csv,49,418.501,144.761,113,158,220.959,41.858,1605,1181,73.61,28.513,100Si,09
data-raw/TEM Images 2021-12-01/image-j/100Si-09-1-results.csv,50,498.481,140.376,103,158,183.829,40.884,1683,1186,15.642,28.182,100Si,09
data-raw/TEM Images 2021-12-01/image-j/100Si-09-1-results.csv,51,1247.442,125.325,72,158,302.947,70.083,591,1171,117.429,35.273,100Si,09
data-raw/TEM Images 2021-12-01/image-j/100Si-09-1-results.csv,52,1793.044,132.35,65,158,500.376,105.503,1579,1180,99.884,51.153,100Si,09
data-raw/TEM Images 2021-12-01/image-j/100Si-09-1-results.csv,53,459.421,145.935,117,158,163.515,49.312,1520,1230,38.517,23.85,100Si,09
data-raw/TEM Images 2021-12-01/image-j/100Si-09-1-results.csv,54,420.361,133.158,93,158,116.778,32.052,212,1191,117.824,23.188,100Si,09
data-raw/TEM Images 2021-12-01/image-j/100Si-09-1-results.csv,55,370.141,143.536,115,158,127.262,30.138,1293,1195,109.855,21.26,100Si,09
data-raw/TEM Images 2021-12-01/image-j/100Si-09-1-results.csv,56,539.401,135.674,100,158,147.655,41.792,1952,1218,132.709,21.754,100Si,09
data-raw/TEM Images 2021-12-01/image-j/100Si-09-1-results.csv,57,531.961,131.707,79,158,107.027,32.465,389,1215,104.036,27.071,100Si,09
data-raw/TEM Images 2021-12-01/image-j/100Si-09-1-results.csv,58,1647.343,133.711,93,158,302.644,83.212,1464,1327,60.524,41.013,100Si,09
data-raw/TEM Images 2021-12-01/image-j/100Si-09-1-results.csv,59,738.421,134.988,86,158,188.554,42.614,556,1304,163.909,32.293,100Si,09
data-raw/TEM Images 2021-12-01/image-j/100Si-09-1-results.csv,60,397.421,145.507,122,158,165.011,36.066,1711,1287,126.119,25.502,100Si,09
data-raw/TEM Images 2021-12-01/image-j/100Si-09-1-results.csv,61,964.102,106.773,41,158,163.133,47.408,1902,1307,101.497,31.848,100Si,09
data-raw/TEM Images 2021-12-01/image-j/100Si-09-1-results.csv,62,589.001,140.742,97,158,153.605,41.858,1626,1319,106.39,25.311,100Si,09
data-raw/TEM Images 2021-12-01/image-j/100Si-09-1-results.csv,63,2330.585,112.371,30,158,416.892,78.496,932,1324,103.339,67.994,100Si,09
data-raw/TEM Images 2021-12-01/image-j/100Si-09-1-results.csv,64,689.441,131.926,87,158,205.448,49.11,1069,1425,41.1,34.493,100Si,09
data-raw/TEM Images 2021-12-01/image-j/100Si-09-1-results.csv,65,622.481,130.192,85,158,161.176,45.839,326,1402,175.073,27.15,100Si,09
data-raw/TEM Images 2021-12-01/image-j/100Si-09-1-results.csv,66,652.241,130.265,66,158,181.299,40.587,1310,1447,71.917,35.368,100Si,09
data-raw/TEM Images 2021-12-01/image-j/100Si-09-1-results.csv,67,460.041,139.191,97,158,140.242,36.255,1661,1440,34.38,24.336,100Si,09
data-raw/TEM Images 2021-12-01/image-j/100Si-09-1-results.csv,68,2038.564,115.084,50,158,395.003,78.523,1609,1463,158.839,57.195,100Si,09
data-raw/TEM Images 2021-12-01/image-j/100Si-09-1-results.csv,69,359.601,139.455,98,158,123.269,38.518,964,1505,49.145,17.908,100Si,09
data-raw/TEM Images 2021-12-01/image-j/100Si-09-1-results.csv,70,546.841,118.625,64,158,122.807,32.883,433,1515,73.301,28.015,100Si,09
data-raw/TEM Images 2021-12-01/image-j/100Si-09-1-results.csv,71,2934.466,88.363,20,158,276.268,77.538,1913,1478,124.658,61.628,100Si,09
data-raw/TEM Images 2021-12-01/image-j/100Si-09-1-results.csv,72,372.621,139.394,104,158,125.226,38.974,1228,1489,98.13,19.631,100Si,09
data-raw/TEM Images 2021-12-01/image-j/100Si-09-1-results.csv,73,2134.044,132.612,76,158,507.327,95.367,1503,1498,108.285,64.203,100Si,09
data-raw/TEM Images 2021-12-01/image-j/100Si-09-1-results.csv,74,602.641,132.872,87,158,169.623,45.866,1358,1517,101.889,23.717,100Si,09
data-raw/TEM Images 2021-12-01/image-j/100Si-09-1-results.csv,75,445.161,120.489,67,158,120.851,37.108,237,1574,162.719,22.719,100Si,09
data-raw/TEM Images 2021-12-01/image-j/100Si-09-1-results.csv,76,1399.963,134.813,70,158,445.495,89.258,330,1574,94.554,52.314,100Si,09
data-raw/TEM Images 2021-12-01/image-j/100Si-09-1-results.csv,77,6351.293,122.991,42,158,1027.411,176.422,1764,1578,116.794,96.212,100Si,09
data-raw/TEM Images 2021-12-01/image-j/100Si-09-1-results.csv,78,942.402,115.94,51,158,229.103,50.719,250,1592,117.759,40.851,100Si,09
data-raw/TEM Images 2021-12-01/image-j/100Si-09-1-results.csv,79,378.201,129.13,80,158,119.737,34.394,33,1607,164.055,17.431,100Si,09
data-raw/TEM Images 2021-12-01/image-j/100Si-09-1-results.csv,80,642.941,144.016,108,158,344.083,59.848,1532,1677,57.355,33.723,100Si,09
data-raw/TEM Images 2021-12-01/image-j/100Si-09-1-results.csv,81,666.501,136.743,89,158,174.459,41.606,1287,1665,60.524,32.537,100Si,09
data-raw/TEM Images 2021-12-01/image-j/100Si-09-1-results.csv,82,443.921,141.799,104,158,159.522,39.094,1439,1646,152.403,25.852,100Si,09
data-raw/TEM Images 2021-12-01/image-j/100Si-09-1-results.csv,83,1994.544,129.484,69,158,549.913,96.568,1388,1645,122.005,66.837,100Si,09
data-raw/TEM Images 2021-12-01/image-j/100Si-09-1-results.csv,84,1102.362,136.252,67,158,339.47,68.576,100,1682,164.687,35.205,100Si,09
data-raw/TEM Images 2021-12-01/image-j/100Si-09-1-results.csv,85,511.501,141.126,105,158,219.081,41.382,1027,1766,68.806,36.243,100Si,09
data-raw/TEM Images 2021-12-01/image-j/100Si-09-1-results.csv,86,597.061,128.679,76,158,156.643,46.216,1176,1772,66.93,23.945,100Si,09
data-raw/TEM Images 2021-12-01/image-j/100Si-09-1-results.csv,87,1093.062,136.04,90,158,261.903,59.702,1445,1798,48.743,46.277,100Si,09
data-raw/TEM Images 2021-12-01/image-j/100Si-09-1-results.csv,88,713.621,128.989,82,158,185.753,49.45,1662,1830,80.838,26.783,100Si,09
data-raw/TEM Images 2021-12-01/image-j/100Si-09-1-results.csv,89,1915.184,132.105,73,158,452.717,107.37,616,1877,39.644,44.986,100Si,09
data-raw/TEM Images 2021-12-01/image-j/100Si-09-1-results.csv,90,2495.505,127.852,52,158,608.707,103.249,1844,1871,28.715,63.036,100Si,09
data-raw/TEM Images 2021-12-01/image-j/100Si-09-1-results.csv,91,474.921,131.53,82,158,152.953,47.251,1576,1861,66.425,20.93,100Si,09
data-raw/TEM Images 2021-12-01/image-j/100Si-09-1-results.csv,92,2685.225,127.058,71,158,566.55,94.61,1681,1920,67.49,68.317,100Si,09
data-raw/TEM Images 2021-12-01/image-j/100Si-09-1-results.csv,93,1257.983,133.465,77,158,449.917,77.23,1421,1832,106.587,41.448,100Si,09
data-raw/TEM Images 2021-12-01/image-j/100Si-09-1-results.csv,94,938.682,123.655,53,158,221.466,58.797,1791,1885,159.624,31.387,100Si,09
data-raw/TEM Images 2021-12-01/image-j/100Si-09-1-results.csv,95,361.461,134.422,91,158,93.045,27.151,1369,1899,106.858,22.974,100Si,09
data-raw/TEM Images 2021-12-01/image-j/100Si-09-1-results.csv,96,469.341,142.268,100,158,191.545,42.381,1208,1908,125.166,23.757,100Si,09
data-raw/TEM Images 2021-12-01/image-j/100Si-09-1-results.csv,97,2482.485,127.341,61,158,521.612,100.615,1345,1951,107.301,61.53,100Si,09
data-raw/TEM Images 2021-12-01/image-j/100Si-09-1-results.csv,98,12941.286,96.392,0,158,1353.868,195.728,1468,2024,147.653,148.445,100Si,09
data-raw/TEM Images 2021-12-01/image-j/100Si-09-1-results.csv,99,370.761,143.05,117,158,132.829,36.536,273,2056,37.117,20.278,100Si,09
data-raw/TEM Images 2021-12-01/image-j/100Si-09-1-results.csv,100,1820.944,127.454,70,158,381.37,100.012,1150,2040,158.282,39.955,100Si,09
data-raw/TEM Images 2021-12-01/image-j/100Si-09-1-results.csv,101,440.821,139.896,88,158,154.607,41.081,1764,2121,77.829,20.11,100Si,09
data-raw/TEM Images 2021-12-01/image-j/100Si-09-1-results.csv,102,384.401,143.813,112,158,168.351,36.297,1665,2087,167.471,24.596,100Si,09
data-raw/TEM Images 2021-12-01/image-j/100Si-09-1-results.csv,103,1530.163,123.494,57,158,334.443,63.716,1343,2115,129.987,50.394,100Si,09
data-raw/TEM Images 2021-12-01/image-j/100Si-09-1-results.csv,104,3041.106,130.365,68,158,680.831,122.958,2148,2111,124.301,74.315,100Si,09
data-raw/TEM Images 2021-12-01/image-j/100Si-09-1-results.csv,105,2074.524,124.218,73,158,403.147,103.895,1291,2118,115.594,44.04,100Si,09
data-raw/TEM Images 2021-12-01/image-j/100Si-09-1-results.csv,106,1050.282,128.502,77,158,312.6,65.169,1105,2240,64.983,41.819,100Si,09
data-raw/TEM Images 2021-12-01/image-j/100Si-09-1-results.csv,107,438.961,136.778,83,158,141.435,45.913,1041,2175,95.906,18.11,100Si,09
data-raw/TEM Images 2021-12-01/image-j/100Si-09-1-results.csv,108,365.801,129.792,84,158,98.118,29.556,1564,2189,138.24,19.487,100Si,09
data-raw/TEM Images 2021-12-01/image-j/100Si-09-1-results.csv,109,391.221,133.25,98,158,110.558,32.129,97,2182,107.103,21.204,100Si,09
data-raw/TEM Images 2021-12-01/image-j/100Si-10-1-results.csv,1,777.131,134.468,84,160,176.847,51.136,274,125,59.237,25.386,100Si,10
data-raw/TEM Images 2021-12-01/image-j/100Si-10-1-results.csv,2,6154.655,95.312,4,160,526.27,138.008,54,96,109.946,93.136,100Si,10
data-raw/TEM Images 2021-12-01/image-j/100Si-10-1-results.csv,3,599.813,137.057,97,160,144.297,42.057,249,116,95.711,26.155,100Si,10
data-raw/TEM Images 2021-12-01/image-j/100Si-10-1-results.csv,4,3199.37,124.987,69,160,519.38,114.041,949,434,22.094,73.578,100Si,10
data-raw/TEM Images 2021-12-01/image-j/100Si-10-1-results.csv,5,20890.584,119.454,31,160,2299.305,347.81,1577,453,174.65,192.125,100Si,10
data-raw/TEM Images 2021-12-01/image-j/100Si-10-1-results.csv,6,8523.262,120.924,45,160,1260.712,179.96,1088,485,156.714,136.118,100Si,10
data-raw/TEM Images 2021-12-01/image-j/100Si-10-1-results.csv,7,2036.958,129.423,58,160,465.187,91.995,999,451,162.801,68.822,100Si,10
data-raw/TEM Images 2021-12-01/image-j/100Si-10-1-results.csv,8,353.54,142.297,118,160,83.32,27.201,1093,602,67.38,21.753,100Si,10
data-raw/TEM Images 2021-12-01/image-j/100Si-10-1-results.csv,9,508.966,140.086,109,160,109.803,34.318,286,636,142.431,26.155,100Si,10
data-raw/TEM Images 2021-12-01/image-j/100Si-10-1-results.csv,10,2212.086,137.186,89,160,564.064,114.702,66,732,128.333,66.065,100Si,10
data-raw/TEM Images 2021-12-01/image-j/100Si-10-1-results.csv,11,973.055,136.242,82,160,192.869,58.034,959,745,152.049,28.824,100Si,10
data-raw/TEM Images 2021-12-01/image-j/100Si-10-1-results.csv,12,4923.286,130.498,72,160,870.369,165.978,1405,795,149.718,102.036,100Si,10
data-raw/TEM Images 2021-12-01/image-j/100Si-10-1-results.csv,13,488.169,145.639,118,160,138.633,48.364,1361,865,38.853,19.768,100Si,10
data-raw/TEM Images 2021-12-01/image-j/100Si-10-1-results.csv,14,380.903,144.756,119,160,120.37,36.617,1331,840,143.13,25.434,100Si,10
data-raw/TEM Images 2021-12-01/image-j/100Si-10-1-results.csv,15,938.029,135.211,96,160,176.234,46.436,1584,1009,104.349,36.617,100Si,10
data-raw/TEM Images 2021-12-01/image-j/100Si-10-1-results.csv,16,1705.309,114.694,47,160,210.834,65.05,495,1132,152.199,45.528,100Si,10
data-raw/TEM Images 2021-12-01/image-j/100Si-10-1-results.csv,17,577.922,144.511,112,160,168.224,43.313,417,1160,52.853,27.195,100Si,10
data-raw/TEM Images 2021-12-01/image-j/100Si-10-1-results.csv,18,897.531,114.427,74,160,144.656,45.89,523,1186,155.772,34.03,100Si,10
data-raw/TEM Images 2021-12-01/image-j/100Si-10-1-results.csv,19,2628.015,123.497,56,160,457.641,101.762,395,1205,165.107,64.44,100Si,10
data-raw/TEM Images 2021-12-01/image-j/100Si-10-1-results.csv,20,901.909,137.9,74,160,257.313,54.292,523,1239,25.084,37.729,100Si,10
data-raw/TEM Images 2021-12-01/image-j/100Si-10-1-results.csv,21,1278.435,125.848,78,160,255.431,68.204,730,1275,69.341,38.432,100Si,10
data-raw/TEM Images 2021-12-01/image-j/100Si-10-1-results.csv,22,665.486,137.457,68,160,167.716,52.571,294,1298,47.42,29.933,100Si,10
data-raw/TEM Images 2021-12-01/image-j/100Si-10-1-results.csv,23,3584.652,133.016,86,160,539.227,120.745,586,1354,27.897,72.541,100Si,10
data-raw/TEM Images 2021-12-01/image-j/100Si-10-1-results.csv,24,360.107,143.626,118,160,88.73,29.757,323,1316,10.125,20.845,100Si,10
data-raw/TEM Images 2021-12-01/image-j/100Si-10-1-results.csv,25,3495.993,116.368,39,160,435.237,114.171,399,1308,117.269,62.105,100Si,10
data-raw/TEM Images 2021-12-01/image-j/100Si-10-1-results.csv,26,1301.42,134.812,91,160,297.83,63.741,774,1310,113.199,42.498,100Si,10
data-raw/TEM Images 2021-12-01/image-j/100Si-10-1-results.csv,27,770.563,137.72,103,160,188.894,46.998,704,1353,16.821,33.564,100Si,10
data-raw/TEM Images 2021-12-01/image-j/100Si-10-1-results.csv,28,863.6,134.309,89,160,179.15,50.792,476,1346,122.381,36.495,100Si,10
data-raw/TEM Images 2021-12-01/image-j/100Si-10-1-results.csv,29,445.482,140.749,110,160,96.487,31.386,395,1422,36.87,23.017,100Si,10
data-raw/TEM Images 2021-12-01/image-j/100Si-10-1-results.csv,30,462.995,133.314,95,160,103.018,31.819,501,1423,9.462,25.837,100Si,10
data-raw/TEM Images 2021-12-01/image-j/100Si-10-1-results.csv,31,732.254,127.33,81,160,139.245,47.079,812,1415,143.13,27.372,100Si,10
data-raw/TEM Images 2021-12-01/image-j/100Si-10-1-results.csv,32,511.155,142.463,100,160,157.867,40.425,78,1452,10.437,27.993,100Si,10
data-raw/TEM Images 2021-12-01/image-j/100Si-10-1-results.csv,33,25068.482,121.306,32,160,3206.261,348.423,1497,1746,65.898,277.2,100Si,10
data-raw/TEM Images 2021-12-01/image-j/100Si-10-1-results.csv,34,343.689,141.28,106,160,116.588,37.254,499,1452,128.157,18.104,100Si,10
data-raw/TEM Images 2021-12-01/image-j/100Si-10-1-results.csv,35,1668.094,125.189,55,160,336.658,71.242,59,1489,150.046,55.541,100Si,10
data-raw/TEM Images 2021-12-01/image-j/100Si-10-1-results.csv,36,542.897,134.823,84,160,143.43,36.437,639,1507,39.174,26.798,100Si,10
data-raw/TEM Images 2021-12-01/image-j/100Si-10-1-results.csv,37,5407.078,133.292,66,160,1010.841,176.868,1174,1658,79.089,91.348,100Si,10
data-raw/TEM Images 2021-12-01/image-j/100Si-10-1-results.csv,38,825.291,132.721,85,160,209.713,65.703,2123,1518,127.235,28.32,100Si,10
data-raw/TEM Images 2021-12-01/image-j/100Si-10-1-results.csv,39,525.384,130.738,91,160,113.988,35.786,822,1554,52.125,24.259,100Si,10
data-raw/TEM Images 2021-12-01/image-j/100Si-10-1-results.csv,40,614.043,141.56,95,160,124.599,41.388,74,1584,69.274,24.126,100Si,10
data-raw/TEM Images 2021-12-01/image-j/100Si-10-1-results.csv,41,422.496,143.668,116,160,131.743,32.685,619,1581,50.194,26.201,100Si,10
data-raw/TEM Images 2021-12-01/image-j/100Si-10-1-results.csv,42,407.173,135.409,96,160,121.132,39.838,1210,1612,60.068,20.021,100Si,10
data-raw/TEM Images 2021-12-01/image-j/100Si-10-1-results.csv,43,615.137,113.249,66,160,109.759,39.327,197,1618,28.61,23.818,100Si,10
data-raw/TEM Images 2021-12-01/image-j/100Si-10-1-results.csv,44,566.977,144.728,113,160,195.679,55.803,289,1600,96.459,25.712,100Si,10
data-raw/TEM Images 2021-12-01/image-j/100Si-10-1-results.csv,45,623.894,127.316,87,160,121.386,39.215,611,1654,80.789,30.313,100Si,10
data-raw/TEM Images 2021-12-01/image-j/100Si-10-1-results.csv,46,354.634,148.531,132,160,131.384,35.709,230,1618,95.042,21.055,100Si,10
data-raw/TEM Images 2021-12-01/image-j/100Si-10-1-results.csv,47,404.984,140.838,92,160,128.276,37.019,829,1720,42.709,23.216,100Si,10
data-raw/TEM Images 2021-12-01/image-j/100Si-10-1-results.csv,48,371.052,139.755,96,160,129.142,33.495,222,1725,128.66,21.454,100Si,10
data-raw/TEM Images 2021-12-01/image-j/100Si-10-1-results.csv,49,372.147,142.153,105,160,113.375,31.888,177,1726,131.009,25.206,100Si,10
data-raw/TEM Images 2021-12-01/image-j/100Si-10-1-results.csv,50,541.802,123.661,80,160,112.508,35.709,295,1737,5.042,22.382,100Si,10
data-raw/TEM Images 2021-12-01/image-j/100Si-10-1-results.csv,51,377.62,144.307,102,160,151.844,34.27,702,1743,12.339,22.869,100Si,10
data-raw/TEM Images 2021-12-01/image-j/100Si-10-1-results.csv,52,766.185,128.873,67,160,157.613,51.093,9,1792,42.51,28.661,100Si,10
data-raw/TEM Images 2021-12-01/image-j/100Si-10-1-results.csv,53,804.494,135.265,90,160,185.322,57.57,1844,1820,70.907,31.964,100Si,10
data-raw/TEM Images 2021-12-01/image-j/100Si-10-1-results.csv,54,363.391,134.03,106,160,74.906,25.153,720,1805,16.928,20.103,100Si,10
data-raw/TEM Images 2021-12-01/image-j/100Si-10-1-results.csv,55,1264.205,123.34,71,160,216.034,65.52,214,1879,70.408,40.133,100Si,10
data-raw/TEM Images 2021-12-01/image-j/100Si-10-1-results.csv,56,1345.202,132.656,85,160,304.826,95.944,681,1889,25.168,28.06,100Si,10
data-raw/TEM Images 2021-12-01/image-j/100Si-10-1-results.csv,57,895.342,130.577,88,160,157.972,43.085,1344,1872,29.055,34.258,100Si,10
data-raw/TEM Images 2021-12-01/image-j/100Si-10-1-results.csv,58,869.073,128.844,74,160,141.951,45.181,1916,1848,132.184,32.813,100Si,10
data-raw/TEM Images 2021-12-01/image-j/100Si-10-1-results.csv,59,956.637,136.354,90,160,215.272,57.456,937,1894,10.491,33.274,100Si,10
data-raw/TEM Images 2021-12-01/image-j/100Si-10-1-results.csv,60,705.985,130.887,88,160,141.443,42.394,1639,1901,164.249,30.45,100Si,10
data-raw/TEM Images 2021-12-01/image-j/100Si-10-1-results.csv,61,1349.58,138.876,99,160,289.968,68.772,1593,1976,56.793,44.746,100Si,10
data-raw/TEM Images 2021-12-01/image-j/100Si-10-1-results.csv,62,1419.632,139.045,90,160,237.361,58.447,1357,1945,135.725,44.789,100Si,10
data-raw/TEM Images 2021-12-01/image-j/100Si-10-1-results.csv,63,343.689,145.025,121,160,119.547,37.91,1806,1940,129.401,21.266,100Si,10
data-raw/TEM Images 2021-12-01/image-j/100Si-10-1-results.csv,64,939.124,127.205,76,160,150.426,46.893,1083,1942,128.66,33.855,100Si,10
data-raw/TEM Images 2021-12-01/image-j/100Si-10-1-results.csv,65,488.169,133.964,90,160,123.224,34.778,1803,1970,111.161,26.721,100Si,10
data-raw/TEM Images 2021-12-01/image-j/100Si-10-1-results.csv,66,441.104,135.238,97,160,105.723,29.757,819,1990,10.125,24.176,100Si,10
data-raw/TEM Images 2021-12-01/image-j/100Si-10-1-results.csv,67,984.001,125.758,61,160,184.709,50.327,1132,2031,69.305,38.8,100Si,10
data-raw/TEM Images 2021-12-01/image-j/100Si-10-1-results.csv,68,362.296,134.26,96,160,90.928,27.462,1184,2018,49.635,20.924,100Si,10
data-raw/TEM Images 2021-12-01/image-j/100Si-10-1-results.csv,69,549.464,135.564,81,160,139.245,44.387,963,2011,98.13,22.901,100Si,10
data-raw/TEM Images 2021-12-01/image-j/100Si-10-1-results.csv,70,340.405,141.765,110,160,108.831,38.582,569,2031,167.471,18.777,100Si,10
data-raw/TEM Images 2021-12-01/image-j/100Si-10-1-results.csv,71,458.617,144.912,113,160,137.258,43.953,1003,2097,51.766,20.241,100Si,10
data-raw/TEM Images 2021-12-01/image-j/100Si-10-1-results.csv,72,618.421,139.784,93,160,180.165,47.079,1795,2069,126.87,24.858,100Si,10
data-raw/TEM Images 2021-12-01/image-j/100Si-10-1-results.csv,73,3548.532,121.625,46,160,449.779,99.472,1848,2156,67.751,80.642,100Si,10
data-raw/TEM Images 2021-12-01/image-j/100Si-10-1-results.csv,74,492.548,128.062,86,160,122.865,35.816,1187,2071,96.71,25.463,100Si,10
data-raw/TEM Images 2021-12-01/image-j/100Si-10-1-results.csv,75,460.806,146.665,125,160,122.865,39.271,412,2074,131.76,19.438,100Si,10
data-raw/TEM Images 2021-12-01/image-j/100Si-10-1-results.csv,76,966.488,127.511,72,160,178.178,54.983,1108,2181,68.806,35.821,100Si,10
data-raw/TEM Images 2021-12-01/image-j/100Si-10-1-results.csv,77,470.657,137.891,102,160,99.192,36.602,1335,2188,59.036,19.843,100Si,10
data-raw/TEM Images 2021-12-01/image-j/100Si-10-1-results.csv,78,542.897,132.325,96,160,102.764,35.54,2167,2172,137.386,23.978,100Si,10
data-raw/TEM Images 2021-12-01/image-j/100Si-12-1-results.csv,1,5664.331,95.181,24,137,551.072,149.233,128,17,135.855,92.078,100Si,12
data-raw/TEM Images 2021-12-01/image-j/100Si-12-1-results.csv,2,10001.86,107.082,23,137,1421.413,252.853,1826,13,166.31,118.425,100Si,12
data-raw/TEM Images 2021-12-01/image-j/100Si-12-1-results.csv,3,344.721,115.201,82,137,95.16,31.06,31,14,120.466,20.609,100Si,12
data-raw/TEM Images 2021-12-01/image-j/100Si-12-1-results.csv,4,1076.322,112.509,79,137,198.464,58.966,985,23,124.114,35.359,100Si,12
data-raw/TEM Images 2021-12-01/image-j/100Si-12-1-results.csv,5,4726.889,102.919,23,137,514.675,142.125,755,114,74.578,70.166,100Si,12
data-raw/TEM Images 2021-12-01/image-j/100Si-12-1-results.csv,6,523.281,123.934,93,137,127.802,45.452,344,85,75.964,20.092,100Si,12
data-raw/TEM Images 2021-12-01/image-j/100Si-12-1-results.csv,7,359.601,115.297,73,137,93.855,34.681,394,75,50.528,22.627,100Si,12
data-raw/TEM Images 2021-12-01/image-j/100Si-12-1-results.csv,8,853.122,109.328,67,137,179.342,67.643,1169,136,24.775,24.564,100Si,12
data-raw/TEM Images 2021-12-01/image-j/100Si-12-1-results.csv,9,2353.525,109.718,58,137,342.554,93.645,1121,168,42.274,57.124,100Si,12
data-raw/TEM Images 2021-12-01/image-j/100Si-12-1-results.csv,10,622.481,116.773,94,137,115.744,43.869,1338,148,68.962,22.324,100Si,12
data-raw/TEM Images 2021-12-01/image-j/100Si-12-1-results.csv,11,337.281,109.463,84,137,71.966,30.087,1361,179,42.879,16.703,100Si,12
data-raw/TEM Images 2021-12-01/image-j/100Si-12-1-results.csv,12,1411.123,113.077,61,137,301.069,84.41,256,233,75.964,39.701,100Si,12
data-raw/TEM Images 2021-12-01/image-j/100Si-12-1-results.csv,13,6780.334,60.398,0,137,353.084,112.519,911,192,136.701,88.433,100Si,12
data-raw/TEM Images 2021-12-01/image-j/100Si-12-1-results.csv,14,406.721,112.86,80,137,91.628,29.038,1244,218,49.399,23.818,100Si,12
data-raw/TEM Images 2021-12-01/image-j/100Si-12-1-results.csv,15,7812.016,79.718,8,137,776.736,167.995,1460,214,96.459,109.185,100Si,12
data-raw/TEM Images 2021-12-01/image-j/100Si-12-1-results.csv,16,12385.145,103.432,32,137,1253.075,257.773,1625,368,63.905,136.536,100Si,12
data-raw/TEM Images 2021-12-01/image-j/100Si-12-1-results.csv,17,1304.483,102.47,41,137,207.372,66.441,410,262,58.57,31.833,100Si,12
data-raw/TEM Images 2021-12-01/image-j/100Si-12-1-results.csv,18,674.561,95.452,63,137,101.999,36.255,1154,265,145.62,28.171,100Si,12
data-raw/TEM Images 2021-12-01/image-j/100Si-12-1-results.csv,19,357.121,110.597,85,137,75.498,25.829,987,297,52.431,21.128,100Si,12
data-raw/TEM Images 2021-12-01/image-j/100Si-12-1-results.csv,20,431.521,107.431,76,136,85.487,29.038,1411,316,40.601,22.047,100Si,12
data-raw/TEM Images 2021-12-01/image-j/100Si-12-1-results.csv,21,466.241,117.718,88,137,112.054,37.433,922,327,67.751,26.727,100Si,12
data-raw/TEM Images 2021-12-01/image-j/100Si-12-1-results.csv,22,1619.443,80.519,29,137,174.888,60.358,1482,314,97.496,44.094,100Si,12
data-raw/TEM Images 2021-12-01/image-j/100Si-12-1-results.csv,23,8007.936,98.721,23,137,1065.207,194.059,363,319,105.051,108.364,100Si,12
data-raw/TEM Images 2021-12-01/image-j/100Si-12-1-results.csv,24,2852.006,89.631,18,137,329.415,98.661,1735,378,61.39,55.218,100Si,12
data-raw/TEM Images 2021-12-01/image-j/100Si-12-1-results.csv,25,414.161,123.635,90,137,115.362,42.984,1554,352,8.427,18.752,100Si,12
data-raw/TEM Images 2021-12-01/image-j/100Si-12-1-results.csv,26,37346.395,94.141,3,137,3562.896,489.665,1103,549,32.923,312.05,100Si,12
data-raw/TEM Images 2021-12-01/image-j/100Si-12-1-results.csv,27,952.322,98.852,57,137,161.907,45.913,1464,378,22.166,39.976,100Si,12
data-raw/TEM Images 2021-12-01/image-j/100Si-12-1-results.csv,28,1039.122,100.427,34,137,164.517,46.822,284,387,160.346,40.295,100Si,12
data-raw/TEM Images 2021-12-01/image-j/100Si-12-1-results.csv,29,21970.364,97.197,23,137,2339.09,459.575,745,398,147.454,182.689,100Si,12
data-raw/TEM Images 2021-12-01/image-j/100Si-12-1-results.csv,30,2244.404,89.713,35,137,260.375,105.805,618,493,85.732,35.587,100Si,12
data-raw/TEM Images 2021-12-01/image-j/100Si-12-1-results.csv,31,533.201,121.856,85,137,160.062,59.28,1353,459,39.611,26.404,100Si,12
data-raw/TEM Images 2021-12-01/image-j/100Si-12-1-results.csv,32,3945.688,91.489,15,137,518.206,140.59,1892,504,48.633,72.861,100Si,12
data-raw/TEM Images 2021-12-01/image-j/100Si-12-1-results.csv,33,394.321,119.327,87,136,92.933,30.251,1381,441,141.34,22.535,100Si,12
data-raw/TEM Images 2021-12-01/image-j/100Si-12-1-results.csv,34,10056.42,105.052,22,137,1265.133,190.941,2109,573,65.126,129.942,100Si,12
data-raw/TEM Images 2021-12-01/image-j/100Si-12-1-results.csv,35,1480.563,86.441,39,137,155.766,54.302,1345,490,16.858,37.795,100Si,12
data-raw/TEM Images 2021-12-01/image-j/100Si-12-1-results.csv,36,1190.402,116.517,82,137,266.358,72.953,2015,535,166.264,38.766,100Si,12
data-raw/TEM Images 2021-12-01/image-j/100Si-12-1-results.csv,37,513.361,101.348,61,137,92.01,31.692,851,546,26.565,25.197,100Si,12
data-raw/TEM Images 2021-12-01/image-j/100Si-12-1-results.csv,38,915.122,106.192,60,137,134.8,41.606,943,575,60.524,36.22,100Si,12
data-raw/TEM Images 2021-12-01/image-j/100Si-12-1-results.csv,39,2904.086,86.73,19,137,334.028,97.917,513,566,152.199,61.001,100Si,12
data-raw/TEM Images 2021-12-01/image-j/100Si-12-1-results.csv,40,3625.767,85.05,4,137,471.885,117.056,814,573,146.524,66.813,100Si,12
data-raw/TEM Images 2021-12-01/image-j/100Si-12-1-results.csv,41,446.401,115.917,84,137,92.01,30.087,913,575,137.121,25.149,100Si,12
data-raw/TEM Images 2021-12-01/image-j/100Si-12-1-results.csv,42,753.922,102.283,70,137,121.121,38.446,1826,636,34.992,31.74,100Si,12
data-raw/TEM Images 2021-12-01/image-j/100Si-12-1-results.csv,43,458.801,98.973,57,137,87.015,29.88,658,632,18.435,23.385,100Si,12
data-raw/TEM Images 2021-12-01/image-j/100Si-12-1-results.csv,44,530.721,111.981,82,137,109.985,39.871,309,629,9.09,21.761,100Si,12
data-raw/TEM Images 2021-12-01/image-j/100Si-12-1-results.csv,45,394.321,119.975,84,137,109.445,39.496,1552,629,156.501,20.424,100Si,12
data-raw/TEM Images 2021-12-01/image-j/100Si-12-1-results.csv,46,788.642,105.623,62,137,136.711,46.822,784,669,70.346,31.884,100Si,12
data-raw/TEM Images 2021-12-01/image-j/100Si-12-1-results.csv,47,443.921,112.045,89,137,90.323,31.887,1672,658,147.095,23.162,100Si,12
data-raw/TEM Images 2021-12-01/image-j/100Si-12-1-results.csv,48,1066.402,116.867,69,137,189.173,55.655,1669,670,115.115,39.564,100Si,12
data-raw/TEM Images 2021-12-01/image-j/100Si-12-1-results.csv,49,419.121,115.278,85,137,100.536,37.433,192,679,104.621,17.158,100Si,12
data-raw/TEM Images 2021-12-01/image-j/100Si-12-1-results.csv,50,362.081,116.247,84,137,87.174,35.389,1607,691,159.146,17.928,100Si,12
data-raw/TEM Images 2021-12-01/image-j/100Si-12-1-results.csv,51,2499.845,99.106,39,137,349.618,95.142,1669,697,118.686,49.268,100Si,12
data-raw/TEM Images 2021-12-01/image-j/100Si-12-1-results.csv,52,1264.803,82.355,27,137,151.154,47.973,572,715,156.801,40.941,100Si,12
data-raw/TEM Images 2021-12-01/image-j/100Si-12-1-results.csv,53,468.721,113.704,84,137,105.755,38.122,925,718,128.29,22.271,100Si,12
data-raw/TEM Images 2021-12-01/image-j/100Si-12-1-results.csv,54,399.281,120.081,93,137,96.464,31.496,409,723,143.13,23.401,100Si,12
data-raw/TEM Images 2021-12-01/image-j/100Si-12-1-results.csv,55,3003.286,93.894,36,137,363.744,99.163,1774,752,159.55,62.688,100Si,12
data-raw/TEM Images 2021-12-01/image-j/100Si-12-1-results.csv,56,672.081,118.686,81,137,138.173,44.82,2094,773,71.565,29.921,100Si,12
data-raw/TEM Images 2021-12-01/image-j/100Si-12-1-results.csv,57,714.241,108.583,63,137,132.256,44.459,1185,766,157.068,30.706,100Si,12
data-raw/TEM Images 2021-12-01/image-j/100Si-12-1-results.csv,58,570.401,114.383,78,137,112.212,45.123,750,786,29.249,21.873,100Si,12
data-raw/TEM Images 2021-12-01/image-j/100Si-12-1-results.csv,59,1505.363,111.815,67,137,218.125,78.33,1091,813,30.174,35.418,100Si,12
data-raw/TEM Images 2021-12-01/image-j/100Si-12-1-results.csv,60,580.321,121.145,86,137,157.137,47.973,335,785,156.801,22.265,100Si,12
data-raw/TEM Images 2021-12-01/image-j/100Si-12-1-results.csv,61,669.601,118.352,88,137,145.079,50.048,972,783,114.146,25.149,100Si,12
data-raw/TEM Images 2021-12-01/image-j/100Si-12-1-results.csv,62,748.961,104.503,44,137,127.262,44.82,1379,795,161.565,29.185,100Si,12
data-raw/TEM Images 2021-12-01/image-j/100Si-12-1-results.csv,63,652.241,114.266,86,137,114.822,40.335,319,786,128.66,28.554,100Si,12
data-raw/TEM Images 2021-12-01/image-j/100Si-12-1-results.csv,64,664.641,106.735,68,137,122.043,44.57,1592,822,57.995,25.354,100Si,12
data-raw/TEM Images 2021-12-01/image-j/100Si-12-1-results.csv,65,540.641,106.904,73,137,100.154,33.665,794,810,10.784,28.366,100Si,12
data-raw/TEM Images 2021-12-01/image-j/100Si-12-1-results.csv,66,372.001,110.713,79,137,74.193,26.21,409,810,147.265,20.243,100Si,12
data-raw/TEM Images 2021-12-01/image-j/100Si-12-1-results.csv,67,1220.162,108.472,54,137,250.227,73.275,528,858,61.783,35.467,100Si,12
data-raw/TEM Images 2021-12-01/image-j/100Si-12-1-results.csv,68,406.721,107.799,76,137,89.019,36.357,1309,826,17.65,18.899,100Si,12
data-raw/TEM Images 2021-12-01/image-j/100Si-12-1-results.csv,69,1093.682,111.041,70,137,191.624,60.502,816,855,38.66,38.735,100Si,12
data-raw/TEM Images 2021-12-01/image-j/100Si-12-1-results.csv,70,414.161,97.85,54,137,78.647,27.185,466,841,100.008,21.832,100Si,12
data-raw/TEM Images 2021-12-01/image-j/100Si-12-1-results.csv,71,515.841,110.101,81,137,104.991,33.369,1577,857,19.29,28.346,100Si,12
data-raw/TEM Images 2021-12-01/image-j/100Si-12-1-results.csv,72,587.761,110.92,76,137,115.902,40.15,1486,864,131.82,26.102,100Si,12
data-raw/TEM Images 2021-12-01/image-j/100Si-12-1-results.csv,73,431.521,107.178,62,137,88.096,31.848,615,892,81.469,21.646,100Si,12
data-raw/TEM Images 2021-12-01/image-j/100Si-12-1-results.csv,74,815.922,109.018,75,137,162.289,55.678,683,877,98.13,25.072,100Si,12
data-raw/TEM Images 2021-12-01/image-j/100Si-12-1-results.csv,75,1083.762,108.753,76,137,158.217,50.418,1124,906,38.66,29.096,100Si,12
data-raw/TEM Images 2021-12-01/image-j/100Si-12-1-results.csv,76,587.761,121.743,98,137,124.112,35.529,1608,898,167.196,31.771,100Si,12
data-raw/TEM Images 2021-12-01/image-j/100Si-12-1-results.csv,77,637.361,117.35,89,137,154.304,51.272,1401,914,47.49,28.144,100Si,12
data-raw/TEM Images 2021-12-01/image-j/100Si-12-1-results.csv,78,572.881,126.268,99,137,190.702,59.967,242,903,156.801,23.243,100Si,12
data-raw/TEM Images 2021-12-01/image-j/100Si-12-1-results.csv,79,920.082,96.992,58,137,126.115,44.459,1738,912,112.932,34.646,100Si,12
data-raw/TEM Images 2021-12-01/image-j/100Si-12-1-results.csv,80,352.161,112.662,78,137,80.334,27.906,979,931,73.61,18.311,100Si,12
data-raw/TEM Images 2021-12-01/image-j/100Si-12-1-results.csv,81,488.561,103.548,69,137,86.251,32.12,309,919,101.31,23.622,100Si,12
data-raw/TEM Images 2021-12-01/image-j/100Si-12-1-results.csv,82,674.561,114.871,91,137,114.98,37.333,883,936,152.354,28.346,100Si,12
data-raw/TEM Images 2021-12-01/image-j/100Si-12-1-results.csv,83,352.161,109.887,69,137,81.257,30.94,1476,944,104.744,18.93,100Si,12
data-raw/TEM Images 2021-12-01/image-j/100Si-12-1-results.csv,84,572.881,101.229,67,136,94.778,31.848,272,965,81.469,27.648,100Si,12
data-raw/TEM Images 2021-12-01/image-j/100Si-12-1-results.csv,85,466.241,117.25,88,137,110.908,42.021,1573,947,167.005,18.898,100Si,12
data-raw/TEM Images 2021-12-01/image-j/100Si-12-1-results.csv,86,453.841,114.224,70,137,97.927,34.394,67,961,15.945,25.848,100Si,12
data-raw/TEM Images 2021-12-01/image-j/100Si-12-1-results.csv,87,513.361,91.372,46,137,89.941,31.18,1660,984,45,24.498,100Si,12
data-raw/TEM Images 2021-12-01/image-j/100Si-12-1-results.csv,88,362.081,119.041,92,137,109.827,36.357,1738,970,162.35,19.45,100Si,12
data-raw/TEM Images 2021-12-01/image-j/100Si-12-1-results.csv,89,788.642,110.469,50,137,161.749,52.914,407,971,143.471,31.18,100Si,12
data-raw/TEM Images 2021-12-01/image-j/100Si-12-1-results.csv,90,632.401,101.459,54,137,103.686,38.349,1123,990,19.179,26.762,100Si,12
data-raw/TEM Images 2021-12-01/image-j/100Si-12-1-results.csv,91,902.722,121.824,78,137,208.136,59.28,1810,1013,39.611,32.672,100Si,12
data-raw/TEM Images 2021-12-01/image-j/100Si-12-1-results.csv,92,1669.043,96.418,31,137,226.27,77.486,1462,1017,142.431,40.088,100Si,12
data-raw/TEM Images 2021-12-01/image-j/100Si-12-1-results.csv,93,577.841,114.262,82,137,109.063,38.99,1517,1019,136.637,24.254,100Si,12
data-raw/TEM Images 2021-12-01/image-j/100Si-12-1-results.csv,94,1324.323,102.378,47,137,175.27,55.856,1690,1027,130.426,43.771,100Si,12
data-raw/TEM Images 2021-12-01/image-j/100Si-12-1-results.csv,95,1728.563,112.954,57,137,333.329,85.229,1037,1043,163.909,56.293,100Si,12
data-raw/TEM Images 2021-12-01/image-j/100Si-12-1-results.csv,96,359.601,102.31,66,137,76.42,29.038,835,1048,12.529,18.898,100Si,12
data-raw/TEM Images 2021-12-01/image-j/100Si-12-1-results.csv,97,1019.282,120.234,98,137,171.04,52.183,1643,1077,84.806,41.057,100Si,12
data-raw/TEM Images 2021-12-01/image-j/100Si-12-1-results.csv,98,357.121,108.09,75,137,78.265,30.087,1421,1052,173.991,17.323,100Si,12
data-raw/TEM Images 2021-12-01/image-j/100Si-12-1-results.csv,99,853.122,100.756,59,137,135.788,44.82,1747,1066,18.435,30.998,100Si,12
data-raw/TEM Images 2021-12-01/image-j/100Si-12-1-results.csv,100,406.721,114.652,79,137,83.102,28.521,1046,1056,96.34,22.41,100Si,12
data-raw/TEM Images 2021-12-01/image-j/100Si-12-1-results.csv,101,1039.122,117.988,87,137,236.865,73.41,1784,1061,125.395,35.214,100Si,12
data-raw/TEM Images 2021-12-01/image-j/100Si-12-1-results.csv,102,543.121,118.32,86,137,128.184,44.764,815,1085,50.711,27.346,100Si,12
data-raw/TEM Images 2021-12-01/image-j/100Si-12-1-results.csv,103,617.521,106.49,74,137,111.29,38.317,1681,1070,99.462,27.667,100Si,12
data-raw/TEM Images 2021-12-01/image-j/100Si-12-1-results.csv,104,3114.886,112.744,73,137,518.141,105.618,2056,1098,20.056,75.287,100Si,12
data-raw/TEM Images 2021-12-01/image-j/100Si-12-1-results.csv,105,461.281,107.806,67,137,99.614,37.861,1602,1093,16.928,21.758,100Si,12
data-raw/TEM Images 2021-12-01/image-j/100Si-12-1-results.csv,106,510.881,105.966,50,137,113.517,41.932,421,1124,55.713,22.416,100Si,12
data-raw/TEM Images 2021-12-01/image-j/100Si-12-1-results.csv,107,647.281,106.299,54,137,118.894,41.337,1643,1121,17.745,28.875,100Si,12
data-raw/TEM Images 2021-12-01/image-j/100Si-12-1-results.csv,108,605.121,105.053,68,137,105.913,34.538,1670,1113,114.228,28.346,100Si,12
data-raw/TEM Images 2021-12-01/image-j/100Si-12-1-results.csv,109,476.161,116.464,78,137,109.827,34.681,1053,1144,39.472,23.406,100Si,12
data-raw/TEM Images 2021-12-01/image-j/100Si-12-1-results.csv,110,2147.684,97.773,43,137,270.048,86.614,1757,1186,53.13,45.159,100Si,12
data-raw/TEM Images 2021-12-01/image-j/100Si-12-1-results.csv,111,3132.246,103.726,42,137,382.8,104.282,1656,1211,75.124,65.675,100Si,12
data-raw/TEM Images 2021-12-01/image-j/100Si-12-1-results.csv,112,22414.285,97.649,19,137,2360.466,400.263,1490,1399,80.945,200.142,100Si,12
data-raw/TEM Images 2021-12-01/image-j/100Si-12-1-results.csv,113,411.681,119.645,100,137,104.068,32.12,962,1169,78.69,25.197,100Si,12
data-raw/TEM Images 2021-12-01/image-j/100Si-12-1-results.csv,114,726.641,108.256,60,137,144.855,49.45,1319,1149,127.235,30.611,100Si,12
data-raw/TEM Images 2021-12-01/image-j/100Si-12-1-results.csv,115,498.481,113.537,66,137,121.661,37.433,1347,1181,67.751,24.402,100Si,12
data-raw/TEM Images 2021-12-01/image-j/100Si-12-1-results.csv,116,1386.323,102.785,27,137,187.17,56.78,1138,1175,109.44,40.62,100Si,12
data-raw/TEM Images 2021-12-01/image-j/100Si-12-1-results.csv,117,545.601,111.909,73,137,112.054,32.77,1402,1214,35.218,28.952,100Si,12
data-raw/TEM Images 2021-12-01/image-j/100Si-12-1-results.csv,118,1396.243,97.151,25,137,187.328,63.814,791,1219,164.249,35.116,100Si,12
data-raw/TEM Images 2021-12-01/image-j/100Si-12-1-results.csv,119,905.202,113.929,70,137,171.962,49.45,1319,1246,37.235,37.506,100Si,12
data-raw/TEM Images 2021-12-01/image-j/100Si-12-1-results.csv,120,352.161,117.634,88,137,93.855,30.415,2155,1233,158.749,22.047,100Si,12
data-raw/TEM Images 2021-12-01/image-j/100Si-12-1-results.csv,121,352.161,116.042,92,137,73.811,27.503,1014,1276,66.371,18.49,100Si,12
data-raw/TEM Images 2021-12-01/image-j/100Si-12-1-results.csv,122,657.201,118.8,92,137,118.894,43.443,866,1285,43.531,24.894,100Si,12
data-raw/TEM Images 2021-12-01/image-j/100Si-12-1-results.csv,123,1428.483,109.705,63,137,257.449,80.454,1950,1274,139.764,38.259,100Si,12
data-raw/TEM Images 2021-12-01/image-j/100Si-12-1-results.csv,124,493.521,111.427,75,137,95.542,33.369,1640,1281,160.71,22.889,100Si,12
data-raw/TEM Images 2021-12-01/image-j/100Si-12-1-results.csv,125,587.761,114.755,75,137,102.381,36.527,1489,1291,172.569,23.777,100Si,12
data-raw/TEM Images 2021-12-01/image-j/100Si-12-1-results.csv,126,347.201,120.279,96,137,92.55,36.629,1094,1329,25.463,16.198,100Si,12
data-raw/TEM Images 2021-12-01/image-j/100Si-12-1-results.csv,127,339.761,115.642,88,137,79.03,26.21,816,1338,122.735,20.965,100Si,12
data-raw/TEM Images 2021-12-01/image-j/100Si-12-1-results.csv,128,528.241,113.84,82,137,117.971,42.984,1885,1341,118.443,22.047,100Si,12
data-raw/TEM Images 2021-12-01/image-j/100Si-12-1-results.csv,129,498.481,118.915,97,136,109.985,38.349,1765,1369,70.821,25.949,100Si,12
data-raw/TEM Images 2021-12-01/image-j/100Si-12-1-results.csv,130,748.961,104.225,59,137,124.27,44.792,1435,1349,100.125,24.132,100Si,12
data-raw/TEM Images 2021-12-01/image-j/100Si-12-1-results.csv,131,342.241,128.022,113,137,106.295,30.577,1347,1361,168.111,20.693,100Si,12
data-raw/TEM Images 2021-12-01/image-j/100Si-12-1-results.csv,132,610.081,105.663,67,137,113.517,38.607,2127,1360,168.232,26.611,100Si,12
data-raw/TEM Images 2021-12-01/image-j/100Si-12-1-results.csv,133,3992.808,101.444,34,137,415.825,114.874,1490,1412,151.327,75.535,100Si,12
data-raw/TEM Images 2021-12-01/image-j/100Si-12-1-results.csv,134,498.481,118.627,94,137,117.971,42.256,134,1422,26.565,21.199,100Si,12
data-raw/TEM Images 2021-12-01/image-j/100Si-12-1-results.csv,135,691.921,107.412,73,137,116.126,35.911,1374,1405,142.125,29.921,100Si,12
data-raw/TEM Images 2021-12-01/image-j/100Si-12-1-results.csv,136,386.881,121.859,88,137,109.827,34.574,1283,1434,59.931,22.047,100Si,12
data-raw/TEM Images 2021-12-01/image-j/100Si-12-1-results.csv,137,870.482,111.852,64,137,132.955,43.869,1671,1450,21.038,32.089,100Si,12
data-raw/TEM Images 2021-12-01/image-j/100Si-12-1-results.csv,138,339.761,113.985,80,137,78.265,27.906,1025,1455,73.61,19.422,100Si,12
data-raw/TEM Images 2021-12-01/image-j/100Si-12-1-results.csv,139,369.521,110.128,71,136,85.869,29.038,953,1441,130.601,21.662,100Si,12
data-raw/TEM Images 2021-12-01/image-j/100Si-12-1-results.csv,140,654.721,102.189,60,137,109.063,38.895,2151,1456,21.371,26.772,100Si,12
data-raw/TEM Images 2021-12-01/image-j/100Si-12-1-results.csv,141,6247.132,99.618,39,137,525.81,131.352,1526,1510,37.694,102.562,100Si,12
data-raw/TEM Images 2021-12-01/image-j/100Si-12-1-results.csv,142,932.482,97.801,53,137,175.112,49.198,1750,1511,39.806,34.509,100Si,12
data-raw/TEM Images 2021-12-01/image-j/100Si-12-1-results.csv,143,612.561,116.915,88,137,115.362,34.538,1248,1524,43.152,26.772,100Si,12
data-raw/TEM Images 2021-12-01/image-j/100Si-12-1-results.csv,144,1163.122,113.942,77,137,234.638,67.845,1584,1587,68.199,44.072,100Si,12
data-raw/TEM Images 2021-12-01/image-j/100Si-12-1-results.csv,145,7554.095,103.439,36,137,1173.347,215.748,1754,1576,140.034,114.7,100Si,12
data-raw/TEM Images 2021-12-01/image-j/100Si-12-1-results.csv,146,709.281,109.301,77,137,147.464,47.662,1209,1625,82.405,27.014,100Si,12
data-raw/TEM Images 2021-12-01/image-j/100Si-12-1-results.csv,147,7258.975,88.955,0,137,690.774,171.935,1564,1714,81.573,122.772,100Si,12
data-raw/TEM Images 2021-12-01/image-j/100Si-12-1-results.csv,148,954.802,115.945,76,137,209.757,52.821,1009,1635,169.695,46.299,100Si,12
data-raw/TEM Images 2021-12-01/image-j/100Si-12-1-results.csv,149,674.561,103.467,53,137,125.035,43.557,1421,1671,49.399,27.377,100Si,12
data-raw/TEM Images 2021-12-01/image-j/100Si-12-1-results.csv,150,525.761,111.16,78,137,110.749,37.167,1614,1690,143.616,25.612,100Si,12
data-raw/TEM Images 2021-12-01/image-j/100Si-12-1-results.csv,151,570.401,112.13,73,137,105.373,33.702,886,1698,142.595,26.725,100Si,12
data-raw/TEM Images 2021-12-01/image-j/100Si-12-1-results.csv,152,910.162,112.695,77,137,145.013,49.45,1495,1742,52.765,27.888,100Si,12
data-raw/TEM Images 2021-12-01/image-j/100Si-12-1-results.csv,153,451.361,114.462,84,137,106.295,34.538,863,1756,114.228,19.521,100Si,12
data-raw/TEM Images 2021-12-01/image-j/100Si-12-1-results.csv,154,429.041,108.22,77,137,91.628,30.577,1208,1814,168.111,24.459,100Si,12
data-raw/TEM Images 2021-12-01/image-j/100Si-12-1-results.csv,155,391.841,116.582,90,137,92.01,35.214,1784,1923,63.435,18.856,100Si,12
data-raw/TEM Images 2021-12-01/image-j/100Si-12-1-results.csv,156,339.761,114.942,84,137,74.193,26.068,2043,2022,154.983,18.898,100Si,12
data-raw/TEM Images 2021-12-01/image-j/100Si-12-1-results.csv,157,17625.395,95.908,17,137,2213.99,310.668,280,2155,35.301,202.149,100Si,12
data-raw/TEM Images 2021-12-01/image-j/100Si-12-1-results.csv,158,3449.687,87.12,24,137,427.725,105.265,445,2093,51.072,79.583,100Si,12
data-raw/TEM Images 2021-12-01/image-j/100Si-12-1-results.csv,159,612.561,116.097,84,137,115.744,39.746,405,2166,33.69,26.174,100Si,12
data-raw/TEM Images 2021-12-01/image-j/100Si-13-1-results.csv,1,5663.091,82.282,1,127,972.801,214.984,120,408,179.161,86.223,100Si,13
data-raw/TEM Images 2021-12-01/image-j/100Si-13-1-results.csv,2,1063.922,94.935,45,127,202.918,65.297,1018,681,33.69,29.341,100Si,13
data-raw/TEM Images 2021-12-01/image-j/100Si-13-1-results.csv,3,14974.89,86.93,8,127,2060.41,314.193,1186,874,128.794,133.145,100Si,13
data-raw/TEM Images 2021-12-01/image-j/100Si-13-1-results.csv,4,639.221,102.034,56,127,160.636,46.081,720,1090,73.113,30.576,100Si,13
data-raw/TEM Images 2021-12-01/image-j/100Si-13-1-results.csv,5,9705.499,87.871,3,127,1427.586,194.495,1413,1458,70.611,137.749,100Si,13
data-raw/TEM Images 2021-12-01/image-j/100Si-13-1-results.csv,6,2279.745,82.317,14,127,380.415,92.997,1174,1353,87.574,54.144,100Si,13
data-raw/TEM Images 2021-12-01/image-j/100Si-13-1-results.csv,7,10492.901,86.022,0,127,1530.825,241.197,1180,1598,73.695,124.628,100Si,13
data-raw/TEM Images 2021-12-01/image-j/100Si-13-1-results.csv,8,944.882,94.072,30,127,190.128,56.589,254,1338,148.079,35.11,100Si,13
data-raw/TEM Images 2021-12-01/image-j/100Si-13-1-results.csv,9,6788.394,86.872,10,127,984.147,165.923,157,1770,106.543,75.603,100Si,13
data-raw/TEM Images 2021-12-01/image-j/100Si-13-1-results.csv,10,717.961,94.206,40,127,163.054,44.605,1163,1814,159.326,30.7,100Si,13
data-raw/TEM Images 2021-12-01/image-j/100Si-13-1-results.csv,11,1129.642,92.492,26,127,227.416,58.634,1914,1900,157.913,36.473,100Si,13
data-raw/TEM Images 2021-12-01/image-j/100Si-13-1-results.csv,12,2357.865,74.009,3,127,314.939,94.816,912,2018,131.634,42.379,100Si,13
data-raw/TEM Images 2021-12-01/image-j/100Si-13-1-results.csv,13,2838.366,92.014,19,127,625.14,98.765,1053,2114,35.591,77.842,100Si,13
data-raw/TEM Images 2021-12-01/image-j/3PP-01-1-results.csv,1,1092.503,98.244,57,137,145.713,46.415,1439,80,14.349,34.721,3PP,01
data-raw/TEM Images 2021-12-01/image-j/3PP-01-1-results.csv,2,2727.43,128.498,84,137,762.203,101.114,708,356,100.729,76.051,3PP,01
data-raw/TEM Images 2021-12-01/image-j/3PP-01-1-results.csv,3,855.192,93.434,65,137,117.509,38.066,270,376,105.945,32.418,3PP,01
data-raw/TEM Images 2021-12-01/image-j/3PP-01-1-results.csv,4,339.015,129.371,112,137,171.362,38.066,1990,478,105.945,23.007,3PP,01
data-raw/TEM Images 2021-12-01/image-j/3PP-01-1-results.csv,5,7370.84,109.559,44,137,807.455,141.389,2011,485,119.219,92.515,3PP,01
data-raw/TEM Images 2021-12-01/image-j/3PP-01-1-results.csv,6,360.887,130.461,107,137,148.82,33.366,2099,593,147.804,24.052,3PP,01
data-raw/TEM Images 2021-12-01/image-j/3PP-01-1-results.csv,7,15533.444,73.654,3,137,1496.851,201.849,257,853,169.854,167.667,3PP,01
data-raw/TEM Images 2021-12-01/image-j/3PP-01-1-results.csv,8,7029.638,120.96,80,137,749.654,121.42,1661,887,110.152,99.054,3PP,01
data-raw/TEM Images 2021-12-01/image-j/3PP-01-1-results.csv,9,2823.666,102.529,41,137,582.537,96.13,1647,991,112.38,66.513,3PP,01
data-raw/TEM Images 2021-12-01/image-j/3PP-01-1-results.csv,10,37633.936,76.819,31,137,1277.131,268.858,1643,1062,91.56,204.857,3PP,01
data-raw/TEM Images 2021-12-01/image-j/3PP-01-1-results.csv,11,2014.405,74.229,30,137,206.725,63.447,305,1147,81.469,49.658,3PP,01
data-raw/TEM Images 2021-12-01/image-j/3PP-02-1-results.csv,1,1525.256,57.134,0,128,196.309,50.916,555,109,17.987,42.574,3PP,02
data-raw/TEM Images 2021-12-01/image-j/3PP-02-1-results.csv,2,4210.276,102.122,0,128,1407.296,136.526,819,695,13.588,85.514,3PP,02
data-raw/TEM Images 2021-12-01/image-j/3PP-02-1-results.csv,3,8023.417,80.139,8,128,670.883,138.275,1257,694,10.748,108.024,3PP,02
data-raw/TEM Images 2021-12-01/image-j/3PP-02-1-results.csv,4,1413.71,65.354,0,128,283.601,54.343,934,701,113.895,45.395,3PP,02
data-raw/TEM Images 2021-12-01/image-j/3PP-02-1-results.csv,5,580.673,92.787,34,128,143.274,41.586,700,878,86.532,24.99,3PP,02
data-raw/TEM Images 2021-12-01/image-j/3PP-03-1-results.csv,1,7507.297,99.182,0,148,968.484,158.556,345,65,90.302,135.21,3PP,03
data-raw/TEM Images 2021-12-01/image-j/3PP-04-1-results.csv,1,10984.041,100.165,0,147,1631.731,173.032,934,965,21.067,109.019,3PP,04
data-raw/TEM Images 2021-12-01/image-j/3PP-04-1-results.csv,2,350.517,126.015,78,147,190.951,42.169,1854,1027,33.453,27.429,3PP,04
data-raw/TEM Images 2021-12-01/image-j/3PP-04-1-results.csv,3,951.684,93.362,0,147,142.972,40.077,2013,1912,99.019,33.93,3PP,04
data-raw/TEM Images 2021-12-01/image-j/3PP-05-1-results.csv,1,3813.566,77.528,14,148,308.068,83.908,1316,300,99.345,70.357,3PP,05
data-raw/TEM Images 2021-12-01/image-j/3PP-05-1-results.csv,2,637.059,98.307,44,148,105.04,36.381,865,686,41.496,27.01,3PP,05
data-raw/TEM Images 2021-12-01/image-j/3PP-05-1-results.csv,3,6842.89,121.544,30,148,583.511,145.114,982,921,79.177,79.295,3PP,05
data-raw/TEM Images 2021-12-01/image-j/3PP-05-1-results.csv,4,2625.122,57.211,0,148,252.044,73.25,1079,1213,70.787,57.385,3PP,05
data-raw/TEM Images 2021-12-01/image-j/3PP-06-1-results.csv,1,1897.026,133.473,70,164,330.276,84.437,506,118,131.987,51.884,3PP,06
data-raw/TEM Images 2021-12-01/image-j/3PP-06-1-results.csv,2,4939.514,132.707,29,164,694.889,143.234,421,212,48.909,118.925,3PP,06
data-raw/TEM Images 2021-12-01/image-j/3PP-06-1-results.csv,3,345.057,149.689,124,164,101.437,34.261,626,196,28.443,19.527,3PP,06
data-raw/TEM Images 2021-12-01/image-j/3PP-06-1-results.csv,4,704.294,153.964,131,164,226.99,62.962,558,244,66.501,27.557,3PP,06
data-raw/TEM Images 2021-12-01/image-j/3PP-06-1-results.csv,5,1834.002,139.116,98,164,317.545,83.8,591,209,106.535,46.088,3PP,06
data-raw/TEM Images 2021-12-01/image-j/3PP-06-1-results.csv,6,1750.495,116.198,35,164,228.839,76.353,410,241,9.462,44.613,3PP,06
data-raw/TEM Images 2021-12-01/image-j/3PP-06-1-results.csv,7,680.66,143.6,103,164,177.716,50.115,518,261,22.068,28.416,3PP,06
data-raw/TEM Images 2021-12-01/image-j/3PP-06-1-results.csv,8,463.227,127.282,81,164,89.872,35.503,2067,271,45,21.422,3PP,06
data-raw/TEM Images 2021-12-01/image-j/3PP-06-1-results.csv,9,11237.198,145.779,82,164,1610.329,205.248,671,258,107.438,150.525,3PP,06
data-raw/TEM Images 2021-12-01/image-j/3PP-06-1-results.csv,10,551.461,145.917,111,164,137.066,39.634,637,284,100.954,23.623,3PP,06
data-raw/TEM Images 2021-12-01/image-j/3PP-06-1-results.csv,11,20763.292,129.894,48,164,1743.436,289.588,720,479,29.899,159.733,3PP,06
data-raw/TEM Images 2021-12-01/image-j/3PP-06-1-results.csv,12,2245.234,143.802,98,164,300.277,80.06,2130,413,138.814,54.597,3PP,06
data-raw/TEM Images 2021-12-01/image-j/3PP-06-1-results.csv,13,69243.01,132.409,20,164,5887.971,610.331,1002,927,82.437,446.361,3PP,06
data-raw/TEM Images 2021-12-01/image-j/3PP-06-1-results.csv,14,360.813,151.507,128,164,120.785,35.012,775,514,165.466,17.573,3PP,06
data-raw/TEM Images 2021-12-01/image-j/3PP-06-1-results.csv,15,1280.965,127.026,70,164,246.591,67.281,318,515,104.036,37.331,3PP,06
data-raw/TEM Images 2021-12-01/image-j/3PP-06-1-results.csv,16,420.686,154.989,131,164,197.548,45.966,894,573,55.008,27.515,3PP,06
data-raw/TEM Images 2021-12-01/image-j/3PP-06-1-results.csv,17,833.494,133.14,86,164,148.148,55.741,320,637,54.162,25.467,3PP,06
data-raw/TEM Images 2021-12-01/image-j/3PP-06-1-results.csv,18,641.27,123.791,79,164,104.504,35.548,348,680,42.138,30,3PP,06
data-raw/TEM Images 2021-12-01/image-j/3PP-06-1-results.csv,19,669.631,144.753,95,164,170.007,65.103,312,703,56.004,17.468,3PP,06
data-raw/TEM Images 2021-12-01/image-j/3PP-06-1-results.csv,20,23044.765,127.389,15,164,2098.312,293.179,1118,674,96.638,168.311,3PP,06
data-raw/TEM Images 2021-12-01/image-j/3PP-06-1-results.csv,21,2057.737,137.864,74,164,365.527,93.908,800,736,98.455,41.414,3PP,06
data-raw/TEM Images 2021-12-01/image-j/3PP-06-1-results.csv,22,2802.997,145.568,111,164,560.817,112.053,826,797,167.053,82.64,3PP,06
data-raw/TEM Images 2021-12-01/image-j/3PP-06-1-results.csv,23,923.303,155.643,136,164,176.55,53.989,1042,771,125.538,31.953,3PP,06
data-raw/TEM Images 2021-12-01/image-j/3PP-06-1-results.csv,24,2260.99,130.518,82,164,237.411,70.662,808,851,12.308,56.697,3PP,06
data-raw/TEM Images 2021-12-01/image-j/3PP-06-1-results.csv,25,556.188,138.635,106,164,123.169,35.348,749,854,163.496,26.474,3PP,06
data-raw/TEM Images 2021-12-01/image-j/3PP-06-1-results.csv,26,620.787,152.797,126,164,199.932,45.691,971,881,20.925,33.891,3PP,06
data-raw/TEM Images 2021-12-01/image-j/3PP-06-1-results.csv,27,1052.503,135.304,93,164,182.307,51.219,830,910,72.897,39.625,3PP,06
data-raw/TEM Images 2021-12-01/image-j/3PP-06-1-results.csv,28,461.652,134.891,84,164,96.111,30.23,705,965,41.634,22.977,3PP,06
data-raw/TEM Images 2021-12-01/image-j/3PP-06-1-results.csv,29,530.978,133.742,98,164,100.523,32.002,889,1000,115.56,26.36,3PP,06
data-raw/TEM Images 2021-12-01/image-j/3PP-06-1-results.csv,30,723.202,147.684,110,164,204.344,46.291,234,1135,12.529,34.964,3PP,06
data-raw/TEM Images 2021-12-01/image-j/3PP-06-1-results.csv,31,625.514,158.234,135,164,218.545,45.966,1694,1186,145.008,29.594,3PP,06
data-raw/TEM Images 2021-12-01/image-j/3PP-06-1-results.csv,32,2311.409,118.873,73,164,278.67,83.121,1516,1256,14.876,45.188,3PP,06
data-raw/TEM Images 2021-12-01/image-j/3PP-06-1-results.csv,33,726.353,152.176,127,164,242.053,47.05,1544,1311,80.789,33.879,3PP,06
data-raw/TEM Images 2021-12-01/image-j/3PP-06-1-results.csv,34,570.368,124.704,84,163,98.748,36.596,1518,1283,95.906,21.798,3PP,06
data-raw/TEM Images 2021-12-01/image-j/3PP-06-1-results.csv,35,420.686,128.734,87,164,86.195,28.624,576,1313,74.745,22.264,3PP,06
data-raw/TEM Images 2021-12-01/image-j/3PP-06-1-results.csv,36,1444.828,141.518,97,164,294.52,71.559,1782,1332,21.615,43.019,3PP,06
data-raw/TEM Images 2021-12-01/image-j/3PP-06-1-results.csv,37,608.183,156.148,126,164,274.006,50.162,1791,1363,58.299,34.888,3PP,06
data-raw/TEM Images 2021-12-01/image-j/3PP-06-1-results.csv,38,885.489,121.89,71,164,147.412,49.323,1579,1365,165.256,32.96,3PP,06
data-raw/TEM Images 2021-12-01/image-j/3PP-06-1-results.csv,39,543.583,129.217,90,164,101.563,34.967,1592,1403,158.962,24.22,3PP,06
data-raw/TEM Images 2021-12-01/image-j/3PP-06-1-results.csv,40,657.026,125.36,88,164,108.485,36.206,1590,1427,146.31,29.114,3PP,06
data-raw/TEM Images 2021-12-01/image-j/3PP-06-1-results.csv,41,5473.644,145.217,87,164,924.873,163.165,1442,1702,72.541,81.763,3PP,06
data-raw/TEM Images 2021-12-01/image-j/3PP-06-1-results.csv,42,20438.718,93.523,5,164,1237.923,249.45,1437,1935,43.981,170.651,3PP,06
data-raw/TEM Images 2021-12-01/image-j/3PP-06-1-results.csv,43,508.92,116.09,58,164,91.521,32.002,1540,2034,78.69,23.849,3PP,06
data-raw/TEM Images 2021-12-01/image-j/3PP-06-1-results.csv,44,1372.35,155.481,108,164,378.079,73.557,1463,2113,64.747,45.483,3PP,06
data-raw/TEM Images 2021-12-01/image-j/3PP-07-1-results.csv,1,16748.685,103.112,0,147,1384.468,230.229,1099,1196,68.985,141.196,3PP,07
data-raw/TEM Images 2021-12-01/image-j/3PP-08-1-results.csv,1,20649.697,88.714,4,138,1825.785,247.674,1234,1308,88.11,175.276,3PP,08
data-raw/TEM Images 2021-12-01/image-j/3PP-09-1-results.csv,1,371.27,130.893,119,137,126.597,35.179,1115,117,79.695,20.452,3PP,09
data-raw/TEM Images 2021-12-01/image-j/3PP-09-1-results.csv,2,35260.706,88.627,9,137,2822.034,399.718,760,291,1.353,255.198,3PP,09
data-raw/TEM Images 2021-12-01/image-j/3PP-09-1-results.csv,3,527.203,116.54,85,137,108.574,39.079,1003,227,130.101,24.553,3PP,09
data-raw/TEM Images 2021-12-01/image-j/3PP-09-1-results.csv,4,1452.901,119.608,54,137,450.698,97.135,703,263,24.905,42.906,3PP,09
data-raw/TEM Images 2021-12-01/image-j/3PP-09-1-results.csv,5,2279.595,125.191,89,137,517.38,97.858,711,306,36.501,57.697,3PP,09
data-raw/TEM Images 2021-12-01/image-j/3PP-09-1-results.csv,6,7935.268,62.219,7,137,442.208,136.611,842,293,141.546,99.933,3PP,09
data-raw/TEM Images 2021-12-01/image-j/3PP-09-1-results.csv,7,591.556,107.636,61,137,112.484,34.36,791,316,105.945,29.892,3PP,09
data-raw/TEM Images 2021-12-01/image-j/3PP-09-1-results.csv,8,1314.294,117.945,85,137,278.682,57.007,784,339,152.021,45.579,3PP,09
data-raw/TEM Images 2021-12-01/image-j/3PP-09-1-results.csv,9,34968.64,78.282,10,137,1619.14,343.665,1406,541,60.971,179.054,3PP,09
data-raw/TEM Images 2021-12-01/image-j/3PP-09-1-results.csv,10,740.064,119.883,85,137,164.355,50.736,1216,402,97.125,33.996,3PP,09
data-raw/TEM Images 2021-12-01/image-j/3PP-09-1-results.csv,11,6462.565,98.578,43,137,762.307,159.707,1281,501,55.84,103.835,3PP,09
data-raw/TEM Images 2021-12-01/image-j/3PP-09-1-results.csv,12,9358.468,102.694,46,137,1103.352,263.444,1221,607,82.451,106.958,3PP,09
data-raw/TEM Images 2021-12-01/image-j/3PP-09-1-results.csv,13,1039.555,108.555,61,137,234.183,78.663,1342,504,36.87,31.981,3PP,09
data-raw/TEM Images 2021-12-01/image-j/3PP-09-1-results.csv,14,1334.095,125.616,94,137,307.066,75.778,1310,497,138.366,48.244,3PP,09
data-raw/TEM Images 2021-12-01/image-j/3PP-09-1-results.csv,15,4697.797,122.772,84,137,809.635,133.365,1253,506,107.152,109.064,3PP,09
data-raw/TEM Images 2021-12-01/image-j/3PP-09-1-results.csv,16,480.175,108.021,68,137,104.887,33.889,41,561,158.199,26.212,3PP,09
data-raw/TEM Images 2021-12-01/image-j/3PP-09-1-results.csv,17,348.993,114.78,93,137,71.895,28.143,1511,575,116.565,19.7,3PP,09
data-raw/TEM Images 2021-12-01/image-j/3PP-09-1-results.csv,18,9704.986,98.988,29,137,765.295,234.436,1183,585,127.639,109.047,3PP,09
data-raw/TEM Images 2021-12-01/image-j/3PP-09-1-results.csv,19,556.904,110.844,80,137,129.52,46.458,1447,627,118.301,22.696,3PP,09
data-raw/TEM Images 2021-12-01/image-j/3PP-09-1-results.csv,20,888.572,94.577,62,137,113.024,38.857,1288,689,21.371,33.038,3PP,09
data-raw/TEM Images 2021-12-01/image-j/3PP-09-1-results.csv,21,346.518,112.729,87,137,71.132,26.184,1324,695,57.265,18.879,3PP,09
data-raw/TEM Images 2021-12-01/image-j/3PP-09-1-results.csv,22,10865.822,65.949,5,137,689.964,168.066,244,913,128.157,122.413,3PP,09
data-raw/TEM Images 2021-12-01/image-j/3PP-09-1-results.csv,23,457.899,121.616,94,137,126.531,44.72,1833,1115,50.711,24.435,3PP,09
data-raw/TEM Images 2021-12-01/image-j/3PP-09-1-results.csv,24,7398.164,106.858,35,137,1178.486,197.034,1772,1215,62.412,139.57,3PP,09
data-raw/TEM Images 2021-12-01/image-j/3PP-09-1-results.csv,25,1920.701,111.977,83,137,214.001,68.721,759,1309,74.055,45.624,3PP,09
data-raw/TEM Images 2021-12-01/image-j/3PP-09-1-results.csv,26,19256.513,101.094,28,137,2202.281,285.037,1638,1529,8.89,176.023,3PP,09
data-raw/TEM Images 2021-12-01/image-j/3PP-09-1-results.csv,27,2304.346,86.922,51,137,226.903,84.854,1539,1481,169.315,40.448,3PP,09
data-raw/TEM Images 2021-12-01/image-j/3PP-09-1-results.csv,28,1853.873,102.909,44,137,270.927,75.778,1632,1529,85.236,46.005,3PP,09
data-raw/TEM Images 2021-12-01/image-j/3PP-09-1-results.csv,29,7103.624,96.585,23,137,578.467,146.861,1528,1503,134.132,88.512,3PP,09
data-raw/TEM Images 2021-12-01/image-j/3PP-09-1-results.csv,30,1697.939,108.265,62,137,234.025,72.796,1514,1553,83.797,49.462,3PP,09
data-raw/TEM Images 2021-12-01/image-j/3PP-09-1-results.csv,31,952.925,116.504,78,137,208.853,65.266,1701,1619,74.624,43.543,3PP,09
data-raw/TEM Images 2021-12-01/image-j/3PP-09-1-results.csv,32,383.645,124.845,107,137,125.07,49.376,1662,1601,157.521,19.32,3PP,09
data-raw/TEM Images 2021-12-01/image-j/3PP-09-1-results.csv,33,430.673,116.897,98,137,120.08,40.448,1732,1635,76.504,20.175,3PP,09
data-raw/TEM Images 2021-12-01/image-j/3PP-09-1-results.csv,34,20551.007,75.44,14,137,998.65,220.934,1485,1973,81.812,160.95,3PP,09
data-raw/TEM Images 2021-12-01/image-j/3PP-09-1-results.csv,35,678.186,105.536,66,137,133.048,38.408,1402,1907,55.008,31.079,3PP,09
data-raw/TEM Images 2021-12-01/image-j/3PP-09b-1-results.csv,1,32505.997,107.647,4,157,3013.926,401.227,386,733,179.103,249.281,3PP,09b
data-raw/TEM Images 2021-12-01/image-j/3PP-09b-1-results.csv,2,353.172,142.454,112,157,118.274,34.436,876,625,136.848,20.854,3PP,09b
data-raw/TEM Images 2021-12-01/image-j/3PP-09b-1-results.csv,3,393.851,119.973,86,157,95.799,28.952,322,683,77.471,21.068,3PP,09b
data-raw/TEM Images 2021-12-01/image-j/3PP-09b-1-results.csv,4,702.646,149.082,127,157,343.214,54.737,330,716,8.246,33.94,3PP,09b
data-raw/TEM Images 2021-12-01/image-j/3PP-09b-1-results.csv,5,7448.046,79.685,9,157,495.539,135.992,558,751,142.27,95.872,3PP,09b
data-raw/TEM Images 2021-12-01/image-j/3PP-09b-1-results.csv,6,503.563,130.476,82,157,122.985,32.673,453,793,125.218,27.116,3PP,09b
data-raw/TEM Images 2021-12-01/image-j/3PP-09b-1-results.csv,7,1049.654,141.46,109,157,311.936,54.686,449,829,129.174,39.988,3PP,09b
data-raw/TEM Images 2021-12-01/image-j/3PP-09b-1-results.csv,8,33308.493,98.481,22,157,2030.726,336.53,1686,1252,61.582,179.163,3PP,09b
data-raw/TEM Images 2021-12-01/image-j/3PP-09b-1-results.csv,9,342.694,147.171,127,157,111.803,33.132,1306,980,103.707,18.538,3PP,09b
data-raw/TEM Images 2021-12-01/image-j/3PP-09b-1-results.csv,10,5365.995,124.26,65,157,676.258,155.478,1435,1167,56.952,80.694,3PP,09b
data-raw/TEM Images 2021-12-01/image-j/3PP-09b-1-results.csv,11,6148.151,123.913,62,157,776.643,156.486,1296,1236,73.383,90.94,3PP,09b
data-raw/TEM Images 2021-12-01/image-j/3PP-09b-1-results.csv,12,612.658,132.524,98,157,121.415,37.298,1584,1159,49.268,26.303,3PP,09b
data-raw/TEM Images 2021-12-01/image-j/3PP-09b-1-results.csv,13,521.437,147.377,125,157,203.733,47.522,1492,1160,97.595,23.536,3PP,09b
data-raw/TEM Images 2021-12-01/image-j/3PP-09b-1-results.csv,14,3795.52,144.089,106,157,924.579,134.086,1377,1174,107.374,81.373,3PP,09b
data-raw/TEM Images 2021-12-01/image-j/3PP-09b-1-results.csv,15,1010.824,138.252,84,157,289.08,76.23,1298,1237,122.381,37.37,3PP,09b
data-raw/TEM Images 2021-12-01/image-j/3PP-09b-1-results.csv,16,433.915,139.001,111,157,138.338,37.977,1315,1375,82.875,24.226,3PP,09b
data-raw/TEM Images 2021-12-01/image-j/3PP-09b-1-results.csv,17,8556.87,121.031,40,157,835.849,216.49,1234,1337,124.958,104.353,3PP,09b
data-raw/TEM Images 2021-12-01/image-j/3PP-09b-1-results.csv,18,791.401,119.882,83,157,125.015,35.598,1457,1559,41.424,32.188,3PP,09b
data-raw/TEM Images 2021-12-01/image-j/3PP-10-1-results.csv,1,998.39,126.6,77,141,276.447,61.368,1766,407,55.008,34.281,3PP,10
data-raw/TEM Images 2021-12-01/image-j/3PP-10-1-results.csv,2,364.918,132.186,117,141,120.817,34.306,1752,467,81.573,22.335,3PP,10
data-raw/TEM Images 2021-12-01/image-j/3PP-10-1-results.csv,3,608.196,135.569,114,141,233.051,40.533,1773,462,119.745,33.936,3PP,10
data-raw/TEM Images 2021-12-01/image-j/3PP-10-1-results.csv,4,336.483,105.864,69,141,70.616,25.45,1788,536,57.095,18.664,3PP,10
data-raw/TEM Images 2021-12-01/image-j/3PP-10-1-results.csv,5,34411.282,108.254,53,141,2147.138,412.724,1431,728,5.242,177.435,3PP,10
data-raw/TEM Images 2021-12-01/image-j/3PP-10-1-results.csv,6,1063.159,115.367,54,141,239.982,54.41,1095,659,173.367,40.028,3PP,10
data-raw/TEM Images 2021-12-01/image-j/3PP-10-1-results.csv,7,2819.82,92.312,29,141,274.617,80.538,1368,713,157.036,57.912,3PP,10
data-raw/TEM Images 2021-12-01/image-j/3PP-10-1-results.csv,8,8953.916,128.506,75,141,1506.808,170.953,279,726,107.103,131.85,3PP,10
data-raw/TEM Images 2021-12-01/image-j/3PP-10-1-results.csv,9,508.673,133.432,117,141,192.6,40.785,322,861,123.69,31.422,3PP,10
data-raw/TEM Images 2021-12-01/image-j/3PP-10-1-results.csv,10,462.861,112.515,73,141,119.597,47.778,2103,886,26.565,16.837,3PP,10
data-raw/TEM Images 2021-12-01/image-j/3PP-10-1-results.csv,11,30041.746,93.929,36,141,1661.031,315.535,1053,892,134.193,197.677,3PP,10
data-raw/TEM Images 2021-12-01/image-j/3PP-10-1-results.csv,12,1462.831,130.49,98,141,383.78,82.188,1197,890,156.571,44.82,3PP,10
data-raw/TEM Images 2021-12-01/image-j/3PP-10-1-results.csv,13,898.867,122.202,69,141,223.554,55.317,739,1041,111.318,42.513,3PP,10
data-raw/TEM Images 2021-12-01/image-j/3PP-10-1-results.csv,14,818.301,123.249,81,141,221.903,84.135,860,1201,166.171,23.131,3PP,10
data-raw/TEM Images 2021-12-01/image-j/3PP-10-1-results.csv,15,521.311,107.042,64,141,104.083,36.601,2094,1214,105.945,23.716,3PP,10
data-raw/TEM Images 2021-12-01/image-j/3PP-10-1-results.csv,16,358.599,118.947,89,141,85.877,29.663,942,1298,126.384,20.832,3PP,10
data-raw/TEM Images 2021-12-01/image-j/3PP-10-1-results.csv,17,8588.998,101.293,30,141,961.403,181.243,1978,1439,108.184,118.208,3PP,10
data-raw/TEM Images 2021-12-01/image-j/3PP-10-1-results.csv,18,14805.24,62.284,5,141,775.071,209.506,1895,1508,146.501,113.565,3PP,10
data-raw/TEM Images 2021-12-01/image-j/3PP-10-1-results.csv,19,10424.645,102.429,29,141,595.04,157.972,910,2062,74.305,108.124,3PP,10
data-raw/TEM Images 2021-12-01/image-j/3PP-10-1-results.csv,20,1758.241,75.5,26,141,174.089,64.408,376,2036,162.979,40.023,3PP,10
data-raw/TEM Images 2021-12-01/image-j/3PP-11-1-results.csv,1,19584.567,86.318,8,136,1612.612,257.019,1097,597,119.014,169.503,3PP,11
data-raw/TEM Images 2021-12-01/image-j/3PP-11-1-results.csv,2,42864.231,74.634,5,136,2638.771,324.758,946,1049,118.105,274.523,3PP,11
data-raw/TEM Images 2021-12-01/image-j/3PP-11-1-results.csv,3,3548.038,103.074,43,136,764.451,175.384,2133,1666,105.832,63.081,3PP,11
data-raw/TEM Images 2021-12-01/image-j/3PP-12-1-results.csv,1,10196.168,80.031,3,143,796.434,165.99,282,101,8.928,108.624,3PP,12
data-raw/TEM Images 2021-12-01/image-j/3PP-12-1-results.csv,2,25132.206,86.508,8,143,1351.708,281.578,505,770,49.343,164.861,3PP,12
data-raw/TEM Images 2021-12-01/image-j/3PP-12-1-results.csv,3,2318.226,85.019,36,143,299.803,75.74,529,471,20.389,52.462,3PP,12
data-raw/TEM Images 2021-12-01/image-j/3PP-12-1-results.csv,4,1805.872,86.773,27,143,239.678,63.608,426,586,32.905,48.639,3PP,12
data-raw/TEM Images 2021-12-01/image-j/3PP-12-1-results.csv,5,1109.575,120.261,84,143,314.87,87.441,248,1172,87.117,40.368,3PP,12
data-raw/TEM Images 2021-12-01/image-j/3PP-13-1-results.csv,1,638.66,152.731,138,159,219.046,50.598,1471,337,18.06,28.029,3PP,13
data-raw/TEM Images 2021-12-01/image-j/3PP-13-1-results.csv,2,596.01,153.407,132,159,286.061,45.87,1447,337,136.848,34.876,3PP,13
data-raw/TEM Images 2021-12-01/image-j/3PP-13-1-results.csv,3,71304.678,135.932,88,159,2850.936,387.851,1570,658,28.154,334.224,3PP,13
data-raw/TEM Images 2021-12-01/image-j/3PP-13-1-results.csv,4,449.468,155.703,144,159,285.09,42.207,1876,529,41.987,30.399,3PP,13
data-raw/TEM Images 2021-12-01/image-j/3PP-13-1-results.csv,5,1934.572,151.518,124,159,660.622,84.136,1504,614,122.307,64.642,3PP,13
data-raw/TEM Images 2021-12-01/image-j/3PP-13-1-results.csv,6,518.365,154.648,141,159,240.469,48.173,1876,685,62.879,29.281,3PP,13
data-raw/TEM Images 2021-12-01/image-j/3PP-13-1-results.csv,7,815.823,121.311,92,159,113.177,39.365,1365,965,50.389,30.318,3PP,13
data-raw/TEM Images 2021-12-01/image-j/3PP-13-1-results.csv,8,8014.969,132.289,47,159,731.251,154.969,163,953,121.759,95.232,3PP,13
data-raw/TEM Images 2021-12-01/image-j/3PP-13-1-results.csv,9,409.005,155.652,147,159,238.631,40.61,1258,952,145.491,28.06,3PP,13
data-raw/TEM Images 2021-12-01/image-j/3PP-13-1-results.csv,10,152695.596,108.379,0,159,8308.014,783.165,1238,999,124.39,494.717,3PP,13
data-raw/TEM Images 2021-12-01/image-j/3PP-13-1-results.csv,11,5469.076,127.039,61,159,546.728,109.45,905,1093,44.226,84.073,3PP,13
data-raw/TEM Images 2021-12-01/image-j/3PP-13-1-results.csv,12,398.069,151.907,125,159,188.497,50.37,943,1107,4.764,20.718,3PP,13
data-raw/TEM Images 2021-12-01/image-j/3PP-13-1-results.csv,13,17630.962,118.385,29,159,2136.471,291.097,1657,1397,148.366,186.942,3PP,13
data-raw/TEM Images 2021-12-01/image-j/3PP-13-1-results.csv,14,1127.498,131.824,61,159,199.269,74.454,1782,1493,10.521,27.974,3PP,13
data-raw/TEM Images 2021-12-01/image-j/3PP-13-1-results.csv,15,530.394,147.049,124,159,162.594,49.25,1819,1507,176.348,23.683,3PP,13
data-raw/TEM Images 2021-12-01/image-j/3PP-13-1-results.csv,16,4287.992,134.034,85,159,474.217,99.264,1775,1582,11.547,82.036,3PP,13
data-raw/TEM Images 2021-12-01/image-j/3PP-13-1-results.csv,17,1340.749,148.46,127,159,176.009,49.714,1607,1828,22.249,43.479,3PP,13
data-raw/TEM Images 2021-12-01/image-j/3PP-13-1-results.csv,18,522.739,127.146,87,159,96.191,30.399,2126,2012,49.185,24.973,3PP,13
data-raw/TEM Images 2021-12-01/image-j/3PP-14-1-results.csv,1,609.632,131.806,99,151,126.039,50.436,1996,251,175.236,23.037,3PP,14
data-raw/TEM Images 2021-12-01/image-j/3PP-14-1-results.csv,2,5096.352,70.586,23,151,310.507,104.04,2123,267,139.899,75.232,3PP,14
data-raw/TEM Images 2021-12-01/image-j/3PP-14-1-results.csv,3,24766.865,85.322,2,151,985.637,284.848,398,409,160.233,179.367,3PP,14
data-raw/TEM Images 2021-12-01/image-j/3PP-14-1-results.csv,4,982.429,123.013,81,151,152.695,60.006,1284,431,150.751,27.867,3PP,14
data-raw/TEM Images 2021-12-01/image-j/3PP-14-1-results.csv,5,2083.276,78.905,14,151,199.066,65.56,456,480,26.565,49.952,3PP,14
data-raw/TEM Images 2021-12-01/image-j/3PP-14-1-results.csv,6,3078.863,133.815,103,151,405.071,106.662,878,463,136.591,53.194,3PP,14
data-raw/TEM Images 2021-12-01/image-j/3PP-14-1-results.csv,7,2934.13,71.386,0,151,236.551,74.984,647,494,54.09,58.639,3PP,14
data-raw/TEM Images 2021-12-01/image-j/3PP-14-1-results.csv,8,447.356,138.951,118,151,100.908,32.78,2072,519,63.435,25.131,3PP,14
data-raw/TEM Images 2021-12-01/image-j/3PP-14-1-results.csv,9,399.112,141.681,126,151,114.701,39.124,2040,515,105.524,16.754,3PP,14
data-raw/TEM Images 2021-12-01/image-j/3PP-14-1-results.csv,10,999.973,134.061,114,151,147.998,54.45,591,561,112.62,30.464,3PP,14
data-raw/TEM Images 2021-12-01/image-j/3PP-14-1-results.csv,11,578.931,145.356,136,151,132.471,46.121,625,578,50.528,24.293,3PP,14
data-raw/TEM Images 2021-12-01/image-j/3PP-14-1-results.csv,12,1114.005,85.728,27,151,139.113,43.174,459,619,129.094,35.54,3PP,14
data-raw/TEM Images 2021-12-01/image-j/3PP-14-1-results.csv,13,4863.902,139.544,110,151,411.205,104.334,1499,705,51.52,75.211,3PP,14
data-raw/TEM Images 2021-12-01/image-j/3PP-14-1-results.csv,14,2977.989,85.948,12,151,240.74,71.634,894,691,37.875,60.733,3PP,14
data-raw/TEM Images 2021-12-01/image-j/3PP-14-1-results.csv,15,754.365,124.674,91,151,121.132,44.77,1986,684,10.784,26.719,3PP,14
data-raw/TEM Images 2021-12-01/image-j/3PP-14-1-results.csv,16,3394.644,114.607,65,151,386.284,100.567,594,717,58.627,56.194,3PP,14
data-raw/TEM Images 2021-12-01/image-j/3PP-14-1-results.csv,17,421.041,142.49,123,151,112.755,38.502,1710,708,67.62,20.605,3PP,14
data-raw/TEM Images 2021-12-01/image-j/3PP-14-1-results.csv,18,780.68,125.011,95,151,115.717,40.447,1198,729,111.251,29.042,3PP,14
data-raw/TEM Images 2021-12-01/image-j/3PP-14-1-results.csv,19,767.523,134.669,116,151,123.375,42.405,1194,771,69.775,27.644,3PP,14
data-raw/TEM Images 2021-12-01/image-j/3PP-14-1-results.csv,20,1206.107,132.527,113,151,158.618,59.53,413,757,140.711,34.06,3PP,14
data-raw/TEM Images 2021-12-01/image-j/3PP-14-1-results.csv,21,763.137,108.684,69,151,112.247,39.735,2183,827,161.565,29.319,3PP,14
data-raw/TEM Images 2021-12-01/image-j/3PP-14-1-results.csv,22,4385.845,123.205,72,151,328.996,90.925,1548,867,61.074,74.04,3PP,14
data-raw/TEM Images 2021-12-01/image-j/3PP-14-1-results.csv,23,447.356,145.48,134,151,135.433,40.663,1596,892,78.111,22.259,3PP,14
data-raw/TEM Images 2021-12-01/image-j/3PP-14-1-results.csv,24,780.68,122.556,88,151,121.851,41.727,1574,881,162.474,29.319,3PP,14
data-raw/TEM Images 2021-12-01/image-j/3PP-14-1-results.csv,25,93694.8,114.858,39,151,5126.496,624.214,1382,1187,83.256,460.96,3PP,14
data-raw/TEM Images 2021-12-01/image-j/3PP-14-1-results.csv,26,916.642,108.976,69,151,125.531,44.524,2170,905,131.186,33.369,3PP,14
data-raw/TEM Images 2021-12-01/image-j/3PP-14-1-results.csv,27,31249.143,116.644,50,151,1723.892,319.569,1119,909,118.58,218.281,3PP,14
data-raw/TEM Images 2021-12-01/image-j/3PP-14-1-results.csv,28,482.443,134.336,119,151,86.31,29.985,541,967,12.095,20.942,3PP,14
data-raw/TEM Images 2021-12-01/image-j/3PP-14-1-results.csv,29,3175.352,125.42,67,151,356.159,102.959,239,1011,175.333,60.824,3PP,14
data-raw/TEM Images 2021-12-01/image-j/3PP-14-1-results.csv,30,4065.678,135.249,113,151,385.776,114.802,1058,1021,165.203,71.757,3PP,14
data-raw/TEM Images 2021-12-01/image-j/3PP-14-1-results.csv,31,11425.125,116.577,47,151,893.999,195.315,312,1114,85.696,136.901,3PP,14
data-raw/TEM Images 2021-12-01/image-j/3PP-14-1-results.csv,32,1890.299,130.729,103,151,193.142,67.537,677,1021,119.745,40.944,3PP,14
data-raw/TEM Images 2021-12-01/image-j/3PP-14-1-results.csv,33,899.098,101.395,40,151,129.001,43.729,625,1084,16.699,31.414,3PP,14
data-raw/TEM Images 2021-12-01/image-j/3PP-14-1-results.csv,34,372.797,132.282,104,151,79.458,28.485,1705,1129,162.897,20.732,3PP,14
data-raw/TEM Images 2021-12-01/image-j/3PP-14-1-results.csv,35,1359.612,135.377,99,151,162.088,51.809,598,1187,165.964,38.185,3PP,14
data-raw/TEM Images 2021-12-01/image-j/3PP-14-1-results.csv,36,399.112,137.637,120,151,83.138,27.306,766,1266,57.529,22.072,3PP,14
data-raw/TEM Images 2021-12-01/image-j/3PP-14-1-results.csv,37,802.61,130.781,114,151,111.02,38.616,870,1349,77.471,31.414,3PP,14
data-raw/TEM Images 2021-12-01/image-j/3PP-14-1-results.csv,38,96093.857,105.875,28,151,3953.553,640.235,1481,1361,147.558,286.409,3PP,14
data-raw/TEM Images 2021-12-01/image-j/3PP-14-1-results.csv,39,706.121,132.193,101,151,113.474,41.305,584,1353,149.534,26.387,3PP,14
data-raw/TEM Images 2021-12-01/image-j/3PP-14-1-results.csv,40,692.963,105.854,50,151,106.324,33.113,777,1374,34.695,29.319,3PP,14
data-raw/TEM Images 2021-12-01/image-j/3PP-14-1-results.csv,41,828.925,125.466,84,151,110.512,36.574,447,1425,113.629,33.508,3PP,14
data-raw/TEM Images 2021-12-01/image-j/3PP-14-1-results.csv,42,5912.119,132.971,84,151,780.017,145.154,1507,1497,136.169,92.12,3PP,14
data-raw/TEM Images 2021-12-01/image-j/3PP-14-1-results.csv,43,618.404,131.404,97,151,105.307,41.252,545,1510,23.962,23.037,3PP,14
data-raw/TEM Images 2021-12-01/image-j/3PP-14-1-results.csv,44,425.427,120.784,88,151,87.835,28.485,1099,1517,36.027,23.365,3PP,14
data-raw/TEM Images 2021-12-01/image-j/3PP-14-1-results.csv,45,1671.007,118.997,66,151,202.535,66.226,858,1537,71.565,39.452,3PP,14
data-raw/TEM Images 2021-12-01/image-j/3PP-14-1-results.csv,46,486.829,130.027,107,151,108.777,39.735,1755,1515,161.565,17.982,3PP,14
data-raw/TEM Images 2021-12-01/image-j/3PP-14-1-results.csv,47,24087.059,109.404,39,151,1251.087,308.394,1597,1659,74.643,137.344,3PP,14
data-raw/TEM Images 2021-12-01/image-j/3PP-14-1-results.csv,48,557.002,113.528,62,151,105.097,35.664,757,1531,49.764,26.224,3PP,14
data-raw/TEM Images 2021-12-01/image-j/3PP-14-1-results.csv,49,12100.545,130.73,61,151,1238.609,251.248,1519,1551,111.003,102.679,3PP,14
data-raw/TEM Images 2021-12-01/image-j/3PP-14-1-results.csv,50,355.253,129.963,96,151,83.138,28.175,1563,1552,138.013,19.668,3PP,14
data-raw/TEM Images 2021-12-01/image-j/3PP-14-1-results.csv,51,614.018,128.986,100,151,118.889,38.616,763,1563,167.471,23.037,3PP,14
data-raw/TEM Images 2021-12-01/image-j/3PP-14-1-results.csv,52,675.42,131.903,110,151,122.359,40.447,597,1581,68.749,25.84,3PP,14
data-raw/TEM Images 2021-12-01/image-j/3PP-14-1-results.csv,53,17534.607,96.858,28,151,830.489,213.448,1678,1565,105.945,160.071,3PP,14
data-raw/TEM Images 2021-12-01/image-j/3PP-14-1-results.csv,54,5841.945,74.989,15,151,370.336,123.844,482,1627,86.121,73.298,3PP,14
data-raw/TEM Images 2021-12-01/image-j/3PP-14-1-results.csv,55,820.153,139.337,124,151,126.039,46.121,329,1610,50.528,28.953,3PP,14
data-raw/TEM Images 2021-12-01/image-j/3PP-14-1-results.csv,56,13394.37,95.033,15,151,612.513,171.894,819,1595,112.19,122.684,3PP,14
data-raw/TEM Images 2021-12-01/image-j/3PP-14-1-results.csv,57,355.253,132.333,106,151,77.215,26.49,359,1604,18.435,20.942,3PP,14
data-raw/TEM Images 2021-12-01/image-j/3PP-14-1-results.csv,58,627.176,125.965,95,151,109.285,35.786,504,1621,110.556,26.224,3PP,14
data-raw/TEM Images 2021-12-01/image-j/3PP-14-1-results.csv,59,1425.4,135.455,102,151,276.789,74.368,1730,1663,57.653,35.359,3PP,14
data-raw/TEM Images 2021-12-01/image-j/3PP-14-1-results.csv,60,1324.525,112.401,41,151,167.205,63.383,1,1687,172.405,29.319,3PP,14
data-raw/TEM Images 2021-12-01/image-j/3PP-14-1-results.csv,61,728.05,119.639,82,151,108.777,36.574,30,1702,13.241,29.319,3PP,14
data-raw/TEM Images 2021-12-01/image-j/3PP-14-1-results.csv,62,372.797,128.176,100,151,70.783,25.563,692,1723,124.992,20.942,3PP,14
data-raw/TEM Images 2021-12-01/image-j/3PP-14-1-results.csv,63,355.253,137.667,123,151,74.972,26.241,255,1795,61.39,20.657,3PP,14
data-raw/TEM Images 2021-12-01/image-j/3PP-14-1-results.csv,64,342.096,140.885,124,151,117.154,39.735,467,1830,18.435,18.793,3PP,14
data-raw/TEM Images 2021-12-01/image-j/3PP-14-1-results.csv,65,1061.374,135.967,103,151,241.038,64.071,650,1858,11.31,33.638,3PP,14
data-raw/TEM Images 2021-12-01/image-j/3PP-14-1-results.csv,66,842.082,130.568,102,151,143.301,52.981,384,1912,18.435,26.717,3PP,14
data-raw/TEM Images 2021-12-01/image-j/3PP-14-1-results.csv,67,942.957,107.023,55,151,139.621,44.376,335,1987,70.71,34.06,3PP,14
data-raw/TEM Images 2021-12-01/image-j/3PP-14-1-results.csv,68,1806.968,97.665,55,151,172.41,57.924,436,2052,40.601,46.358,3PP,14
data-raw/TEM Images 2021-12-01/image-j/3PP-14-1-results.csv,69,14372.413,90.858,15,151,832.645,205.62,647,2177,146.634,142.408,3PP,14
data-raw/TEM Images 2021-12-01/image-j/3PP-14-1-results.csv,70,337.71,144.61,132,151,82.122,31.967,671,2178,31.608,18.848,3PP,14
data-raw/TEM Images 2021-12-01/image-j/3PP-14-1-results.csv,71,2320.112,112.588,48,151,312.031,84.81,166,2219,57.095,60.545,3PP,14
data-raw/TEM Images 2021-12-01/image-j/3PP-14-1-results.csv,72,1978.016,132.146,99,151,322.651,98.162,737,2231,78.93,51.921,3PP,14
data-raw/TEM Images 2021-12-01/image-j/3PP-14-1-results.csv,73,4460.404,134.755,90,151,544.518,138.061,168,2231,22.286,79.581,3PP,14
data-raw/TEM Images 2021-12-01/image-j/3PP-14-1-results.csv,74,837.696,141.958,131,151,153.921,47.48,224,2231,41.424,31.365,3PP,14
